{"cam/image_array":"7604_cam-image_array_.jpg","user/throttle":0.30000001192092898,"user/angle":0.3891701102256775,"user/mode":"user","track/lap":6,"track/loc":-1}