{"cam/image_array":"2932_cam-image_array_.jpg","user/throttle":0.30000001192092898,"user/angle":0.3718003034591675,"user/mode":"user","track/lap":3,"track/loc":-1}