{"cam/image_array":"733_cam-image_array_.jpg","user/throttle":0.30000001192092898,"user/angle":0.03607001528143883,"user/mode":"user","track/lap":1,"track/loc":-1}