{"cam/image_array":"5741_cam-image_array_.jpg","user/throttle":0.30000001192092898,"user/angle":-0.33041951060295107,"user/mode":"user","track/lap":5,"track/loc":-1}