{"cam/image_array":"336_cam-image_array_.jpg","user/throttle":0.30000001192092898,"user/angle":-0.0019094898598268629,"user/mode":"user","track/lap":1,"track/loc":-1}