{"cam/image_array":"587_cam-image_array_.jpg","user/throttle":0.30000001192092898,"user/angle":-0.39209821820259097,"user/mode":"user","track/lap":1,"track/loc":-1}