{"cam/image_array":"2666_cam-image_array_.jpg","user/throttle":0.30000001192092898,"user/angle":-0.027623804286122323,"user/mode":"user","track/lap":2,"track/loc":-1}