{"cam/image_array":"4075_cam-image_array_.jpg","user/throttle":0.30000001192092898,"user/angle":-0.0010125503176823259,"user/mode":"user","track/lap":3,"track/loc":-1}