{"cam/image_array":"10138_cam-image_array_.jpg","user/throttle":0.30000001192092898,"user/angle":-0.024437112733721734,"user/mode":"user","track/lap":8,"track/loc":-1}