{"cam/image_array":"9179_cam-image_array_.jpg","user/throttle":0.30000001192092898,"user/angle":0.5277550220489502,"user/mode":"user","track/lap":8,"track/loc":-1}