{"cam/image_array":"9670_cam-image_array_.jpg","user/throttle":0.30000001192092898,"user/angle":0.5849037170410156,"user/mode":"user","track/lap":8,"track/loc":-1}