{"cam/image_array":"4042_cam-image_array_.jpg","user/throttle":0.30000001192092898,"user/angle":0.41895243525505068,"user/mode":"user","track/lap":3,"track/loc":-1}