{"cam/image_array":"606_cam-image_array_.jpg","user/throttle":0.30000001192092898,"user/angle":-0.21357525885105134,"user/mode":"user","track/lap":1,"track/loc":-1}