{"cam/image_array":"315_cam-image_array_.jpg","user/throttle":0.30000001192092898,"user/angle":0.0008968801121227443,"user/mode":"user","track/lap":1,"track/loc":-1}