{"cam/image_array":"2646_cam-image_array_.jpg","user/throttle":0.30000001192092898,"user/angle":-0.1671498566865921,"user/mode":"user","track/lap":2,"track/loc":-1}