{"cam/image_array":"8004_cam-image_array_.jpg","user/throttle":0.30000001192092898,"user/angle":0.16331709921360017,"user/mode":"user","track/lap":7,"track/loc":-1}