{"cam/image_array":"4112_cam-image_array_.jpg","user/throttle":0.30000001192092898,"user/angle":0.1692124605178833,"user/mode":"user","track/lap":3,"track/loc":-1}