{"cam/image_array":"4043_cam-image_array_.jpg","user/throttle":0.30000001192092898,"user/angle":-0.11498892307281494,"user/mode":"user","track/lap":3,"track/loc":-1}