{"cam/image_array":"9061_cam-image_array_.jpg","user/throttle":0.30000001192092898,"user/angle":-0.5684748291969299,"user/mode":"user","track/lap":7,"track/loc":-1}