{"cam/image_array":"620_cam-image_array_.jpg","user/throttle":0.30000001192092898,"user/angle":0.16245359182357789,"user/mode":"user","track/lap":1,"track/loc":-1}