{"cam/image_array":"6495_cam-image_array_.jpg","user/throttle":0.30000001192092898,"user/angle":-0.7979329228401184,"user/mode":"user","track/lap":5,"track/loc":-1}