{"cam/image_array":"3757_cam-image_array_.jpg","user/throttle":0.30000001192092898,"user/angle":-0.07625226676464081,"user/mode":"user","track/lap":3,"track/loc":-1}