{"cam/image_array":"756_cam-image_array_.jpg","user/throttle":0.30000001192092898,"user/angle":0.30588066577911379,"user/mode":"user","track/lap":1,"track/loc":-1}