{"cam/image_array":"9932_cam-image_array_.jpg","user/throttle":0.30000001192092898,"user/angle":-0.06693047285079956,"user/mode":"user","track/lap":8,"track/loc":-1}