{"cam/image_array":"7786_cam-image_array_.jpg","user/throttle":0.30000001192092898,"user/angle":-0.030869873240590097,"user/mode":"user","track/lap":6,"track/loc":-1}