{"cam/image_array":"2714_cam-image_array_.jpg","user/throttle":0.30000001192092898,"user/angle":0.012475989758968354,"user/mode":"user","track/lap":2,"track/loc":-1}