{"cam/image_array":"1861_cam-image_array_.jpg","user/throttle":0.30000001192092898,"user/angle":-0.13473789393901826,"user/mode":"user","track/lap":2,"track/loc":-1}