{"cam/image_array":"604_cam-image_array_.jpg","user/throttle":0.30000001192092898,"user/angle":0.12290013581514359,"user/mode":"user","track/lap":1,"track/loc":-1}