{"cam/image_array":"335_cam-image_array_.jpg","user/throttle":0.30000001192092898,"user/angle":0.0019047518726438285,"user/mode":"user","track/lap":1,"track/loc":-1}