{"cam/image_array":"10203_cam-image_array_.jpg","user/throttle":0.30000001192092898,"user/angle":0.22853600978851319,"user/mode":"user","track/lap":8,"track/loc":-1}