{"cam/image_array":"5506_cam-image_array_.jpg","user/throttle":0.30000001192092898,"user/angle":0.0006064388435333967,"user/mode":"user","track/lap":5,"track/loc":-1}