{"cam/image_array":"4167_cam-image_array_.jpg","user/throttle":0.30000001192092898,"user/angle":0.13765349984169007,"user/mode":"user","track/lap":4,"track/loc":-1}