{"cam/image_array":"2907_cam-image_array_.jpg","user/throttle":0.30000001192092898,"user/angle":0.8053551912307739,"user/mode":"user","track/lap":3,"track/loc":-1}