{"cam/image_array":"211_cam-image_array_.jpg","user/throttle":0.30000001192092898,"user/angle":0.004900495056062937,"user/mode":"user","track/lap":1,"track/loc":-1}