{"cam/image_array":"2522_cam-image_array_.jpg","user/throttle":0.30000001192092898,"user/angle":0.02911459095776081,"user/mode":"user","track/lap":2,"track/loc":-1}