{"cam/image_array":"7396_cam-image_array_.jpg","user/throttle":0.30000001192092898,"user/angle":0.02452082559466362,"user/mode":"user","track/lap":6,"track/loc":-1}