{"cam/image_array":"1507_cam-image_array_.jpg","user/throttle":0.30000001192092898,"user/angle":0.17244817316532136,"user/mode":"user","track/lap":1,"track/loc":-1}