{"cam/image_array":"1537_cam-image_array_.jpg","user/throttle":0.30000001192092898,"user/angle":-0.14954690635204316,"user/mode":"user","track/lap":1,"track/loc":-1}