{"cam/image_array":"2718_cam-image_array_.jpg","user/throttle":0.30000001192092898,"user/angle":-0.004925721790641546,"user/mode":"user","track/lap":2,"track/loc":-1}