{"cam/image_array":"1222_cam-image_array_.jpg","user/throttle":0.30000001192092898,"user/angle":-0.14937828481197358,"user/mode":"user","track/lap":1,"track/loc":-1}