{"cam/image_array":"6381_cam-image_array_.jpg","user/throttle":0.30000001192092898,"user/angle":-0.10169026255607605,"user/mode":"user","track/lap":5,"track/loc":-1}