{"cam/image_array":"6280_cam-image_array_.jpg","user/throttle":0.30000001192092898,"user/angle":0.2538304030895233,"user/mode":"user","track/lap":5,"track/loc":-1}