{"cam/image_array":"7999_cam-image_array_.jpg","user/throttle":0.30000001192092898,"user/angle":-0.31204575300216677,"user/mode":"user","track/lap":7,"track/loc":-1}