{"cam/image_array":"1470_cam-image_array_.jpg","user/throttle":0.30000001192092898,"user/angle":-0.37542620301246645,"user/mode":"user","track/lap":1,"track/loc":-1}