{"cam/image_array":"6290_cam-image_array_.jpg","user/throttle":0.30000001192092898,"user/angle":-0.38043978810310366,"user/mode":"user","track/lap":5,"track/loc":-1}