{"cam/image_array":"286_cam-image_array_.jpg","user/throttle":0.30000001192092898,"user/angle":0.0012180383782833815,"user/mode":"user","track/lap":1,"track/loc":-1}