{"cam/image_array":"1396_cam-image_array_.jpg","user/throttle":0.30000001192092898,"user/angle":0.20334386825561524,"user/mode":"user","track/lap":1,"track/loc":-1}