{"cam/image_array":"1035_cam-image_array_.jpg","user/throttle":0.30000001192092898,"user/angle":-0.49344563484191897,"user/mode":"user","track/lap":1,"track/loc":-1}