{"cam/image_array":"4021_cam-image_array_.jpg","user/throttle":0.30000001192092898,"user/angle":0.10033885389566422,"user/mode":"user","track/lap":3,"track/loc":-1}