{"cam/image_array":"2875_cam-image_array_.jpg","user/throttle":0.30000001192092898,"user/angle":0.1639522910118103,"user/mode":"user","track/lap":3,"track/loc":-1}