{"cam/image_array":"190_cam-image_array_.jpg","user/throttle":0.30000001192092898,"user/angle":-0.06695160269737244,"user/mode":"user","track/lap":1,"track/loc":-1}