{"cam/image_array":"3148_cam-image_array_.jpg","user/throttle":0.30000001192092898,"user/angle":-0.32767629623413088,"user/mode":"user","track/lap":3,"track/loc":-1}