{"cam/image_array":"219_cam-image_array_.jpg","user/throttle":0.30000001192092898,"user/angle":0.009647451341152192,"user/mode":"user","track/lap":1,"track/loc":-1}