{"cam/image_array":"9767_cam-image_array_.jpg","user/throttle":0.30000001192092898,"user/angle":0.02025553397834301,"user/mode":"user","track/lap":8,"track/loc":-1}