{"cam/image_array":"8857_cam-image_array_.jpg","user/throttle":0.30000001192092898,"user/angle":-0.06924091279506684,"user/mode":"user","track/lap":7,"track/loc":-1}