{"cam/image_array":"6238_cam-image_array_.jpg","user/throttle":0.30000001192092898,"user/angle":-0.6912316083908081,"user/mode":"user","track/lap":5,"track/loc":-1}