{"cam/image_array":"6115_cam-image_array_.jpg","user/throttle":0.30000001192092898,"user/angle":0.1550508290529251,"user/mode":"user","track/lap":5,"track/loc":-1}