{"cam/image_array":"9077_cam-image_array_.jpg","user/throttle":0.30000001192092898,"user/angle":0.4392662048339844,"user/mode":"user","track/lap":7,"track/loc":-1}