{"cam/image_array":"2789_cam-image_array_.jpg","user/throttle":0.30000001192092898,"user/angle":-0.39239150285720827,"user/mode":"user","track/lap":2,"track/loc":-1}