{"cam/image_array":"5531_cam-image_array_.jpg","user/throttle":0.30000001192092898,"user/angle":-0.036770034581422809,"user/mode":"user","track/lap":5,"track/loc":-1}