{"cam/image_array":"497_cam-image_array_.jpg","user/throttle":0.30000001192092898,"user/angle":0.27760687470436098,"user/mode":"user","track/lap":1,"track/loc":-1}