{"cam/image_array":"224_cam-image_array_.jpg","user/throttle":0.30000001192092898,"user/angle":0.0060488213784992699,"user/mode":"user","track/lap":1,"track/loc":-1}