{"cam/image_array":"2684_cam-image_array_.jpg","user/throttle":0.30000001192092898,"user/angle":-0.2234082669019699,"user/mode":"user","track/lap":2,"track/loc":-1}