{"cam/image_array":"6138_cam-image_array_.jpg","user/throttle":0.30000001192092898,"user/angle":0.07996518164873123,"user/mode":"user","track/lap":5,"track/loc":-1}