{"cam/image_array":"10310_cam-image_array_.jpg","user/throttle":0.30000001192092898,"user/angle":0.19524197280406953,"user/mode":"user","track/lap":8,"track/loc":-1}