{"cam/image_array":"3936_cam-image_array_.jpg","user/throttle":0.30000001192092898,"user/angle":-0.47926029562950137,"user/mode":"user","track/lap":3,"track/loc":-1}