{"cam/image_array":"2238_cam-image_array_.jpg","user/throttle":0.30000001192092898,"user/angle":-0.14739452302455903,"user/mode":"user","track/lap":2,"track/loc":-1}