{"cam/image_array":"3133_cam-image_array_.jpg","user/throttle":0.30000001192092898,"user/angle":0.5193188190460205,"user/mode":"user","track/lap":3,"track/loc":-1}