{"cam/image_array":"986_cam-image_array_.jpg","user/throttle":0.30000001192092898,"user/angle":-0.40019574761390688,"user/mode":"user","track/lap":1,"track/loc":-1}