{"cam/image_array":"9363_cam-image_array_.jpg","user/throttle":0.30000001192092898,"user/angle":0.14289073646068574,"user/mode":"user","track/lap":8,"track/loc":-1}