{"cam/image_array":"1004_cam-image_array_.jpg","user/throttle":0.30000001192092898,"user/angle":0.2962140440940857,"user/mode":"user","track/lap":1,"track/loc":-1}