{"cam/image_array":"9660_cam-image_array_.jpg","user/throttle":0.30000001192092898,"user/angle":-0.6341710686683655,"user/mode":"user","track/lap":8,"track/loc":-1}