{"cam/image_array":"10105_cam-image_array_.jpg","user/throttle":0.30000001192092898,"user/angle":0.39587029814720156,"user/mode":"user","track/lap":8,"track/loc":-1}