{"cam/image_array":"2689_cam-image_array_.jpg","user/throttle":0.30000001192092898,"user/angle":0.27975958585739138,"user/mode":"user","track/lap":2,"track/loc":-1}