{"cam/image_array":"550_cam-image_array_.jpg","user/throttle":0.30000001192092898,"user/angle":0.24167205393314362,"user/mode":"user","track/lap":1,"track/loc":-1}