{"cam/image_array":"983_cam-image_array_.jpg","user/throttle":0.30000001192092898,"user/angle":0.39727526903152468,"user/mode":"user","track/lap":1,"track/loc":-1}