{"cam/image_array":"1629_cam-image_array_.jpg","user/throttle":0.30000001192092898,"user/angle":-0.04806125536561012,"user/mode":"user","track/lap":2,"track/loc":-1}