{"cam/image_array":"167_cam-image_array_.jpg","user/throttle":0.30000001192092898,"user/angle":0.004381115082651377,"user/mode":"user","track/lap":1,"track/loc":-1}