{"cam/image_array":"2691_cam-image_array_.jpg","user/throttle":0.30000001192092898,"user/angle":-0.024140672758221628,"user/mode":"user","track/lap":2,"track/loc":-1}