{"cam/image_array":"10281_cam-image_array_.jpg","user/throttle":0.30000001192092898,"user/angle":0.18010464310646058,"user/mode":"user","track/lap":8,"track/loc":-1}