{"cam/image_array":"9699_cam-image_array_.jpg","user/throttle":0.30000001192092898,"user/angle":-0.7213465571403503,"user/mode":"user","track/lap":8,"track/loc":-1}