{"cam/image_array":"281_cam-image_array_.jpg","user/throttle":0.30000001192092898,"user/angle":0.0031748905312269928,"user/mode":"user","track/lap":1,"track/loc":-1}