{"cam/image_array":"1808_cam-image_array_.jpg","user/throttle":0.30000001192092898,"user/angle":0.5323798656463623,"user/mode":"user","track/lap":2,"track/loc":-1}