{"cam/image_array":"2860_cam-image_array_.jpg","user/throttle":0.30000001192092898,"user/angle":0.8496143221855164,"user/mode":"user","track/lap":3,"track/loc":-1}