{"cam/image_array":"4051_cam-image_array_.jpg","user/throttle":0.30000001192092898,"user/angle":0.3735654056072235,"user/mode":"user","track/lap":3,"track/loc":-1}