{"cam/image_array":"4132_cam-image_array_.jpg","user/throttle":0.30000001192092898,"user/angle":-0.30136623978614809,"user/mode":"user","track/lap":3,"track/loc":-1}