{"cam/image_array":"2268_cam-image_array_.jpg","user/throttle":0.30000001192092898,"user/angle":0.04738866910338402,"user/mode":"user","track/lap":2,"track/loc":-1}