{"cam/image_array":"1655_cam-image_array_.jpg","user/throttle":0.30000001192092898,"user/angle":-0.049034930765628818,"user/mode":"user","track/lap":2,"track/loc":-1}