{"cam/image_array":"8795_cam-image_array_.jpg","user/throttle":0.30000001192092898,"user/angle":-0.03953130543231964,"user/mode":"user","track/lap":7,"track/loc":-1}