{"cam/image_array":"2710_cam-image_array_.jpg","user/throttle":0.30000001192092898,"user/angle":-0.07216909527778626,"user/mode":"user","track/lap":2,"track/loc":-1}