{"cam/image_array":"767_cam-image_array_.jpg","user/throttle":0.30000001192092898,"user/angle":0.11747317016124726,"user/mode":"user","track/lap":1,"track/loc":-1}