{"cam/image_array":"2631_cam-image_array_.jpg","user/throttle":0.30000001192092898,"user/angle":0.5132981538772583,"user/mode":"user","track/lap":2,"track/loc":-1}