{"cam/image_array":"4000_cam-image_array_.jpg","user/throttle":0.30000001192092898,"user/angle":-0.18797342479228974,"user/mode":"user","track/lap":3,"track/loc":-1}