{"cam/image_array":"8735_cam-image_array_.jpg","user/throttle":0.30000001192092898,"user/angle":-0.05249122902750969,"user/mode":"user","track/lap":7,"track/loc":-1}