{"cam/image_array":"10104_cam-image_array_.jpg","user/throttle":0.30000001192092898,"user/angle":0.042192649096250537,"user/mode":"user","track/lap":8,"track/loc":-1}