{"cam/image_array":"1310_cam-image_array_.jpg","user/throttle":0.30000001192092898,"user/angle":0.3382513225078583,"user/mode":"user","track/lap":1,"track/loc":-1}