{"cam/image_array":"6639_cam-image_array_.jpg","user/throttle":0.30000001192092898,"user/angle":0.33798354864120486,"user/mode":"user","track/lap":5,"track/loc":-1}