{"cam/image_array":"290_cam-image_array_.jpg","user/throttle":0.30000001192092898,"user/angle":0.006277949549257755,"user/mode":"user","track/lap":1,"track/loc":-1}