{"cam/image_array":"3417_cam-image_array_.jpg","user/throttle":0.30000001192092898,"user/angle":0.9488478302955627,"user/mode":"user","track/lap":3,"track/loc":-1}