{"cam/image_array":"273_cam-image_array_.jpg","user/throttle":0.30000001192092898,"user/angle":0.0013193177292123438,"user/mode":"user","track/lap":1,"track/loc":-1}