{"cam/image_array":"10170_cam-image_array_.jpg","user/throttle":0.30000001192092898,"user/angle":-0.06978052854537964,"user/mode":"user","track/lap":8,"track/loc":-1}