{"cam/image_array":"1676_cam-image_array_.jpg","user/throttle":0.30000001192092898,"user/angle":-0.048114724457263949,"user/mode":"user","track/lap":2,"track/loc":-1}