{"cam/image_array":"7598_cam-image_array_.jpg","user/throttle":0.30000001192092898,"user/angle":-0.16313181817531587,"user/mode":"user","track/lap":6,"track/loc":-1}