{"cam/image_array":"3290_cam-image_array_.jpg","user/throttle":0.30000001192092898,"user/angle":0.33556944131851199,"user/mode":"user","track/lap":3,"track/loc":-1}