{"cam/image_array":"2892_cam-image_array_.jpg","user/throttle":0.30000001192092898,"user/angle":-0.6612919569015503,"user/mode":"user","track/lap":3,"track/loc":-1}