{"cam/image_array":"8305_cam-image_array_.jpg","user/throttle":0.30000001192092898,"user/angle":-0.24777944386005402,"user/mode":"user","track/lap":7,"track/loc":-1}