{"cam/image_array":"110_cam-image_array_.jpg","user/throttle":0.30000001192092898,"user/angle":0.17638544738292695,"user/mode":"user","track/lap":1,"track/loc":-1}