{"cam/image_array":"4083_cam-image_array_.jpg","user/throttle":0.30000001192092898,"user/angle":0.4275609850883484,"user/mode":"user","track/lap":3,"track/loc":-1}