{"cam/image_array":"6313_cam-image_array_.jpg","user/throttle":0.30000001192092898,"user/angle":-0.6124997138977051,"user/mode":"user","track/lap":5,"track/loc":-1}