{"cam/image_array":"6681_cam-image_array_.jpg","user/throttle":0.30000001192092898,"user/angle":0.07507797330617905,"user/mode":"user","track/lap":5,"track/loc":-1}