{"cam/image_array":"10270_cam-image_array_.jpg","user/throttle":0.30000001192092898,"user/angle":0.26323434710502627,"user/mode":"user","track/lap":8,"track/loc":-1}