{"cam/image_array":"9480_cam-image_array_.jpg","user/throttle":0.30000001192092898,"user/angle":-0.7924696803092957,"user/mode":"user","track/lap":8,"track/loc":-1}