{"cam/image_array":"8278_cam-image_array_.jpg","user/throttle":0.30000001192092898,"user/angle":0.26405689120292666,"user/mode":"user","track/lap":7,"track/loc":-1}