{"cam/image_array":"10242_cam-image_array_.jpg","user/throttle":0.30000001192092898,"user/angle":-0.48893412947654726,"user/mode":"user","track/lap":8,"track/loc":-1}