{"cam/image_array":"997_cam-image_array_.jpg","user/throttle":0.30000001192092898,"user/angle":0.02483980916440487,"user/mode":"user","track/lap":1,"track/loc":-1}