{"cam/image_array":"2786_cam-image_array_.jpg","user/throttle":0.30000001192092898,"user/angle":-0.0015626640524715186,"user/mode":"user","track/lap":2,"track/loc":-1}