{"cam/image_array":"6782_cam-image_array_.jpg","user/throttle":0.30000001192092898,"user/angle":-0.32764649391174319,"user/mode":"user","track/lap":6,"track/loc":-1}