{"cam/image_array":"9599_cam-image_array_.jpg","user/throttle":0.30000001192092898,"user/angle":0.9328503608703613,"user/mode":"user","track/lap":8,"track/loc":-1}