{"cam/image_array":"2911_cam-image_array_.jpg","user/throttle":0.30000001192092898,"user/angle":-0.07836611568927765,"user/mode":"user","track/lap":3,"track/loc":-1}