{"cam/image_array":"6249_cam-image_array_.jpg","user/throttle":0.30000001192092898,"user/angle":0.09830798208713532,"user/mode":"user","track/lap":5,"track/loc":-1}