{"cam/image_array":"7022_cam-image_array_.jpg","user/throttle":0.30000001192092898,"user/angle":-0.23969659209251405,"user/mode":"user","track/lap":6,"track/loc":-1}