{"cam/image_array":"3964_cam-image_array_.jpg","user/throttle":0.30000001192092898,"user/angle":-0.18946395814418794,"user/mode":"user","track/lap":3,"track/loc":-1}