{"cam/image_array":"8352_cam-image_array_.jpg","user/throttle":0.30000001192092898,"user/angle":0.10444124042987824,"user/mode":"user","track/lap":7,"track/loc":-1}