{"cam/image_array":"4081_cam-image_array_.jpg","user/throttle":0.30000001192092898,"user/angle":0.22058381140232087,"user/mode":"user","track/lap":3,"track/loc":-1}