{"cam/image_array":"1203_cam-image_array_.jpg","user/throttle":0.30000001192092898,"user/angle":-0.2975531220436096,"user/mode":"user","track/lap":1,"track/loc":-1}