{"cam/image_array":"2364_cam-image_array_.jpg","user/throttle":0.30000001192092898,"user/angle":-0.15998704731464387,"user/mode":"user","track/lap":2,"track/loc":-1}