{"cam/image_array":"10197_cam-image_array_.jpg","user/throttle":0.30000001192092898,"user/angle":0.023555003106594087,"user/mode":"user","track/lap":8,"track/loc":-1}