{"cam/image_array":"5311_cam-image_array_.jpg","user/throttle":0.30000001192092898,"user/angle":-0.021330228075385095,"user/mode":"user","track/lap":4,"track/loc":-1}