{"cam/image_array":"10426_cam-image_array_.jpg","user/throttle":0.30000001192092898,"user/angle":-0.03626358136534691,"user/mode":"user","track/lap":9,"track/loc":-1}