{"cam/image_array":"242_cam-image_array_.jpg","user/throttle":0.30000001192092898,"user/angle":0.001105896895751357,"user/mode":"user","track/lap":1,"track/loc":-1}