{"cam/image_array":"1936_cam-image_array_.jpg","user/throttle":0.30000001192092898,"user/angle":-0.28885263204574587,"user/mode":"user","track/lap":2,"track/loc":-1}