{"cam/image_array":"514_cam-image_array_.jpg","user/throttle":0.30000001192092898,"user/angle":0.03442763164639473,"user/mode":"user","track/lap":1,"track/loc":-1}