{"cam/image_array":"568_cam-image_array_.jpg","user/throttle":0.30000001192092898,"user/angle":0.21287500858306886,"user/mode":"user","track/lap":1,"track/loc":-1}