{"cam/image_array":"9753_cam-image_array_.jpg","user/throttle":0.30000001192092898,"user/angle":0.13822904229164124,"user/mode":"user","track/lap":8,"track/loc":-1}