{"cam/image_array":"9996_cam-image_array_.jpg","user/throttle":0.30000001192092898,"user/angle":-0.05198138952255249,"user/mode":"user","track/lap":8,"track/loc":-1}