{"cam/image_array":"4006_cam-image_array_.jpg","user/throttle":0.30000001192092898,"user/angle":0.034779101610183719,"user/mode":"user","track/lap":3,"track/loc":-1}