{"cam/image_array":"2336_cam-image_array_.jpg","user/throttle":0.30000001192092898,"user/angle":-0.6204845905303955,"user/mode":"user","track/lap":2,"track/loc":-1}