{"cam/image_array":"1381_cam-image_array_.jpg","user/throttle":0.30000001192092898,"user/angle":0.1388719379901886,"user/mode":"user","track/lap":1,"track/loc":-1}