{"cam/image_array":"7370_cam-image_array_.jpg","user/throttle":0.30000001192092898,"user/angle":-0.028915803879499437,"user/mode":"user","track/lap":6,"track/loc":-1}