{"cam/image_array":"5858_cam-image_array_.jpg","user/throttle":0.30000001192092898,"user/angle":0.15204493701457978,"user/mode":"user","track/lap":5,"track/loc":-1}