{"cam/image_array":"9729_cam-image_array_.jpg","user/throttle":0.30000001192092898,"user/angle":0.41185492277145388,"user/mode":"user","track/lap":8,"track/loc":-1}