{"cam/image_array":"4126_cam-image_array_.jpg","user/throttle":0.30000001192092898,"user/angle":0.21655160188674928,"user/mode":"user","track/lap":3,"track/loc":-1}