{"cam/image_array":"7036_cam-image_array_.jpg","user/throttle":0.30000001192092898,"user/angle":-0.21300148963928224,"user/mode":"user","track/lap":6,"track/loc":-1}