{"cam/image_array":"2755_cam-image_array_.jpg","user/throttle":0.30000001192092898,"user/angle":-0.7944574356079102,"user/mode":"user","track/lap":2,"track/loc":-1}