{"cam/image_array":"6143_cam-image_array_.jpg","user/throttle":0.30000001192092898,"user/angle":-0.09249724447727204,"user/mode":"user","track/lap":5,"track/loc":-1}