{"cam/image_array":"9068_cam-image_array_.jpg","user/throttle":0.30000001192092898,"user/angle":0.4915250241756439,"user/mode":"user","track/lap":7,"track/loc":-1}