{"cam/image_array":"1432_cam-image_array_.jpg","user/throttle":0.30000001192092898,"user/angle":0.14482766389846803,"user/mode":"user","track/lap":1,"track/loc":-1}