{"cam/image_array":"4094_cam-image_array_.jpg","user/throttle":0.30000001192092898,"user/angle":0.35590365529060366,"user/mode":"user","track/lap":3,"track/loc":-1}