{"cam/image_array":"996_cam-image_array_.jpg","user/throttle":0.30000001192092898,"user/angle":-0.18679796159267426,"user/mode":"user","track/lap":1,"track/loc":-1}