{"cam/image_array":"492_cam-image_array_.jpg","user/throttle":0.30000001192092898,"user/angle":0.01376386173069477,"user/mode":"user","track/lap":1,"track/loc":-1}