{"cam/image_array":"2922_cam-image_array_.jpg","user/throttle":0.30000001192092898,"user/angle":-0.1606113165616989,"user/mode":"user","track/lap":3,"track/loc":-1}