{"cam/image_array":"1680_cam-image_array_.jpg","user/throttle":0.30000001192092898,"user/angle":-0.018816743046045305,"user/mode":"user","track/lap":2,"track/loc":-1}