{"cam/image_array":"9542_cam-image_array_.jpg","user/throttle":0.30000001192092898,"user/angle":-0.42560604214668276,"user/mode":"user","track/lap":8,"track/loc":-1}