{"cam/image_array":"5993_cam-image_array_.jpg","user/throttle":0.30000001192092898,"user/angle":0.7665156722068787,"user/mode":"user","track/lap":5,"track/loc":-1}