{"cam/image_array":"1394_cam-image_array_.jpg","user/throttle":0.30000001192092898,"user/angle":0.08597609400749207,"user/mode":"user","track/lap":1,"track/loc":-1}