{"cam/image_array":"5131_cam-image_array_.jpg","user/throttle":0.30000001192092898,"user/angle":0.3819103240966797,"user/mode":"user","track/lap":4,"track/loc":-1}