{"cam/image_array":"3801_cam-image_array_.jpg","user/throttle":0.30000001192092898,"user/angle":0.18621093034744264,"user/mode":"user","track/lap":3,"track/loc":-1}