{"cam/image_array":"611_cam-image_array_.jpg","user/throttle":0.30000001192092898,"user/angle":0.05540084093809128,"user/mode":"user","track/lap":1,"track/loc":-1}