{"cam/image_array":"330_cam-image_array_.jpg","user/throttle":0.30000001192092898,"user/angle":-0.012194575741887093,"user/mode":"user","track/lap":1,"track/loc":-1}