{"cam/image_array":"1374_cam-image_array_.jpg","user/throttle":0.30000001192092898,"user/angle":-0.15739521384239198,"user/mode":"user","track/lap":1,"track/loc":-1}