{"cam/image_array":"907_cam-image_array_.jpg","user/throttle":0.30000001192092898,"user/angle":-0.20276352763175965,"user/mode":"user","track/lap":1,"track/loc":-1}