{"cam/image_array":"8211_cam-image_array_.jpg","user/throttle":0.30000001192092898,"user/angle":0.5121638774871826,"user/mode":"user","track/lap":7,"track/loc":-1}