{"cam/image_array":"1512_cam-image_array_.jpg","user/throttle":0.30000001192092898,"user/angle":0.1550123244524002,"user/mode":"user","track/lap":1,"track/loc":-1}