{"cam/image_array":"147_cam-image_array_.jpg","user/throttle":0.30000001192092898,"user/angle":0.015178102999925614,"user/mode":"user","track/lap":1,"track/loc":-1}