{"cam/image_array":"7518_cam-image_array_.jpg","user/throttle":0.30000001192092898,"user/angle":-0.4381027817726135,"user/mode":"user","track/lap":6,"track/loc":-1}