{"cam/image_array":"5789_cam-image_array_.jpg","user/throttle":0.30000001192092898,"user/angle":0.22697918117046357,"user/mode":"user","track/lap":5,"track/loc":-1}