{"cam/image_array":"3949_cam-image_array_.jpg","user/throttle":0.30000001192092898,"user/angle":0.04983096942305565,"user/mode":"user","track/lap":3,"track/loc":-1}