{"cam/image_array":"6100_cam-image_array_.jpg","user/throttle":0.30000001192092898,"user/angle":-0.4023664891719818,"user/mode":"user","track/lap":5,"track/loc":-1}