{"cam/image_array":"9525_cam-image_array_.jpg","user/throttle":0.30000001192092898,"user/angle":-0.08271951228380203,"user/mode":"user","track/lap":8,"track/loc":-1}