{"cam/image_array":"10261_cam-image_array_.jpg","user/throttle":0.30000001192092898,"user/angle":-0.03916575759649277,"user/mode":"user","track/lap":8,"track/loc":-1}