{"cam/image_array":"9112_cam-image_array_.jpg","user/throttle":0.30000001192092898,"user/angle":0.09522128850221634,"user/mode":"user","track/lap":7,"track/loc":-1}