{"cam/image_array":"1800_cam-image_array_.jpg","user/throttle":0.30000001192092898,"user/angle":-0.3661343455314636,"user/mode":"user","track/lap":2,"track/loc":-1}