{"cam/image_array":"924_cam-image_array_.jpg","user/throttle":0.30000001192092898,"user/angle":0.46919435262680056,"user/mode":"user","track/lap":1,"track/loc":-1}