{"cam/image_array":"9433_cam-image_array_.jpg","user/throttle":0.30000001192092898,"user/angle":-0.2981668710708618,"user/mode":"user","track/lap":8,"track/loc":-1}