{"cam/image_array":"533_cam-image_array_.jpg","user/throttle":0.30000001192092898,"user/angle":0.14246661961078645,"user/mode":"user","track/lap":1,"track/loc":-1}