{"cam/image_array":"1127_cam-image_array_.jpg","user/throttle":0.30000001192092898,"user/angle":-0.12127625942230225,"user/mode":"user","track/lap":1,"track/loc":-1}