{"cam/image_array":"5978_cam-image_array_.jpg","user/throttle":0.30000001192092898,"user/angle":0.1328711360692978,"user/mode":"user","track/lap":5,"track/loc":-1}