{"cam/image_array":"859_cam-image_array_.jpg","user/throttle":0.30000001192092898,"user/angle":0.21411706507205964,"user/mode":"user","track/lap":1,"track/loc":-1}