{"cam/image_array":"4032_cam-image_array_.jpg","user/throttle":0.30000001192092898,"user/angle":-0.4748017489910126,"user/mode":"user","track/lap":3,"track/loc":-1}