{"cam/image_array":"5492_cam-image_array_.jpg","user/throttle":0.30000001192092898,"user/angle":-0.12341310828924179,"user/mode":"user","track/lap":5,"track/loc":-1}