{"cam/image_array":"2042_cam-image_array_.jpg","user/throttle":0.30000001192092898,"user/angle":-0.42465025186538699,"user/mode":"user","track/lap":2,"track/loc":-1}