{"cam/image_array":"10263_cam-image_array_.jpg","user/throttle":0.30000001192092898,"user/angle":-0.507384181022644,"user/mode":"user","track/lap":8,"track/loc":-1}