{"cam/image_array":"9108_cam-image_array_.jpg","user/throttle":0.30000001192092898,"user/angle":0.3243337869644165,"user/mode":"user","track/lap":7,"track/loc":-1}