{"cam/image_array":"7121_cam-image_array_.jpg","user/throttle":0.30000001192092898,"user/angle":-0.5361608266830444,"user/mode":"user","track/lap":6,"track/loc":-1}