{"cam/image_array":"2965_cam-image_array_.jpg","user/throttle":0.30000001192092898,"user/angle":-0.14554570615291596,"user/mode":"user","track/lap":3,"track/loc":-1}