{"cam/image_array":"9758_cam-image_array_.jpg","user/throttle":0.30000001192092898,"user/angle":-0.042203713208436969,"user/mode":"user","track/lap":8,"track/loc":-1}