{"cam/image_array":"8540_cam-image_array_.jpg","user/throttle":0.30000001192092898,"user/angle":-0.8310721516609192,"user/mode":"user","track/lap":7,"track/loc":-1}