{"cam/image_array":"265_cam-image_array_.jpg","user/throttle":0.30000001192092898,"user/angle":0.007088666316121817,"user/mode":"user","track/lap":1,"track/loc":-1}