{"cam/image_array":"8154_cam-image_array_.jpg","user/throttle":0.30000001192092898,"user/angle":-0.6976962685585022,"user/mode":"user","track/lap":7,"track/loc":-1}