{"cam/image_array":"6187_cam-image_array_.jpg","user/throttle":0.30000001192092898,"user/angle":-0.7415570020675659,"user/mode":"user","track/lap":5,"track/loc":-1}