{"cam/image_array":"2204_cam-image_array_.jpg","user/throttle":0.30000001192092898,"user/angle":0.7336565852165222,"user/mode":"user","track/lap":2,"track/loc":-1}