{"cam/image_array":"4060_cam-image_array_.jpg","user/throttle":0.30000001192092898,"user/angle":0.009597767144441605,"user/mode":"user","track/lap":3,"track/loc":-1}