{"cam/image_array":"218_cam-image_array_.jpg","user/throttle":0.30000001192092898,"user/angle":-0.06014383211731911,"user/mode":"user","track/lap":1,"track/loc":-1}