{"cam/image_array":"6570_cam-image_array_.jpg","user/throttle":0.30000001192092898,"user/angle":-0.19034595787525178,"user/mode":"user","track/lap":5,"track/loc":-1}