{"cam/image_array":"6716_cam-image_array_.jpg","user/throttle":0.30000001192092898,"user/angle":-0.45398280024528506,"user/mode":"user","track/lap":6,"track/loc":-1}