{"cam/image_array":"6301_cam-image_array_.jpg","user/throttle":0.30000001192092898,"user/angle":-0.6033068895339966,"user/mode":"user","track/lap":5,"track/loc":-1}