{"cam/image_array":"4019_cam-image_array_.jpg","user/throttle":0.30000001192092898,"user/angle":0.06485605239868164,"user/mode":"user","track/lap":3,"track/loc":-1}