{"cam/image_array":"6021_cam-image_array_.jpg","user/throttle":0.30000001192092898,"user/angle":-0.38014736771583559,"user/mode":"user","track/lap":5,"track/loc":-1}