{"cam/image_array":"6942_cam-image_array_.jpg","user/throttle":0.30000001192092898,"user/angle":-0.4004114270210266,"user/mode":"user","track/lap":6,"track/loc":-1}