{"cam/image_array":"10215_cam-image_array_.jpg","user/throttle":0.30000001192092898,"user/angle":0.5740257501602173,"user/mode":"user","track/lap":8,"track/loc":-1}