{"cam/image_array":"8730_cam-image_array_.jpg","user/throttle":0.30000001192092898,"user/angle":-0.019647561013698579,"user/mode":"user","track/lap":7,"track/loc":-1}