{"cam/image_array":"1132_cam-image_array_.jpg","user/throttle":0.30000001192092898,"user/angle":0.4103282392024994,"user/mode":"user","track/lap":1,"track/loc":-1}