{"cam/image_array":"5283_cam-image_array_.jpg","user/throttle":0.30000001192092898,"user/angle":0.1365826427936554,"user/mode":"user","track/lap":4,"track/loc":-1}