{"cam/image_array":"822_cam-image_array_.jpg","user/throttle":0.30000001192092898,"user/angle":-0.0030658890027552845,"user/mode":"user","track/lap":1,"track/loc":-1}