{"cam/image_array":"200_cam-image_array_.jpg","user/throttle":0.30000001192092898,"user/angle":0.013299833051860333,"user/mode":"user","track/lap":1,"track/loc":-1}