{"cam/image_array":"5872_cam-image_array_.jpg","user/throttle":0.30000001192092898,"user/angle":0.27094635367393496,"user/mode":"user","track/lap":5,"track/loc":-1}