{"cam/image_array":"5555_cam-image_array_.jpg","user/throttle":0.30000001192092898,"user/angle":-0.14432132244110108,"user/mode":"user","track/lap":5,"track/loc":-1}