{"cam/image_array":"1152_cam-image_array_.jpg","user/throttle":0.30000001192092898,"user/angle":0.1185336783528328,"user/mode":"user","track/lap":1,"track/loc":-1}