{"cam/image_array":"9937_cam-image_array_.jpg","user/throttle":0.30000001192092898,"user/angle":-0.19350296258926392,"user/mode":"user","track/lap":8,"track/loc":-1}