{"cam/image_array":"9906_cam-image_array_.jpg","user/throttle":0.30000001192092898,"user/angle":-0.1936664879322052,"user/mode":"user","track/lap":8,"track/loc":-1}