{"cam/image_array":"254_cam-image_array_.jpg","user/throttle":0.30000001192092898,"user/angle":0.003531645517796278,"user/mode":"user","track/lap":1,"track/loc":-1}