{"cam/image_array":"6118_cam-image_array_.jpg","user/throttle":0.30000001192092898,"user/angle":0.3058089017868042,"user/mode":"user","track/lap":5,"track/loc":-1}