{"cam/image_array":"9990_cam-image_array_.jpg","user/throttle":0.30000001192092898,"user/angle":0.3184596300125122,"user/mode":"user","track/lap":8,"track/loc":-1}