{"cam/image_array":"1349_cam-image_array_.jpg","user/throttle":0.30000001192092898,"user/angle":0.27118390798568728,"user/mode":"user","track/lap":1,"track/loc":-1}