{"cam/image_array":"7846_cam-image_array_.jpg","user/throttle":0.30000001192092898,"user/angle":-0.0628095492720604,"user/mode":"user","track/lap":6,"track/loc":-1}