{"cam/image_array":"261_cam-image_array_.jpg","user/throttle":0.30000001192092898,"user/angle":-0.032565630972385409,"user/mode":"user","track/lap":1,"track/loc":-1}