{"cam/image_array":"5402_cam-image_array_.jpg","user/throttle":0.30000001192092898,"user/angle":0.22785183787345887,"user/mode":"user","track/lap":4,"track/loc":-1}