{"cam/image_array":"8667_cam-image_array_.jpg","user/throttle":0.30000001192092898,"user/angle":0.8133703470230103,"user/mode":"user","track/lap":7,"track/loc":-1}