{"cam/image_array":"2705_cam-image_array_.jpg","user/throttle":0.30000001192092898,"user/angle":-0.053354959934949878,"user/mode":"user","track/lap":2,"track/loc":-1}