{"cam/image_array":"6575_cam-image_array_.jpg","user/throttle":0.30000001192092898,"user/angle":0.04084762930870056,"user/mode":"user","track/lap":5,"track/loc":-1}