{"cam/image_array":"9016_cam-image_array_.jpg","user/throttle":0.30000001192092898,"user/angle":0.05513296276330948,"user/mode":"user","track/lap":7,"track/loc":-1}