{"cam/image_array":"9083_cam-image_array_.jpg","user/throttle":0.30000001192092898,"user/angle":-0.40338996052742007,"user/mode":"user","track/lap":7,"track/loc":-1}