{"cam/image_array":"411_cam-image_array_.jpg","user/throttle":0.30000001192092898,"user/angle":0.019720789045095445,"user/mode":"user","track/lap":1,"track/loc":-1}