{"cam/image_array":"1455_cam-image_array_.jpg","user/throttle":0.30000001192092898,"user/angle":0.5025383234024048,"user/mode":"user","track/lap":1,"track/loc":-1}