{"cam/image_array":"4557_cam-image_array_.jpg","user/throttle":0.30000001192092898,"user/angle":-0.006061791442334652,"user/mode":"user","track/lap":4,"track/loc":-1}