{"cam/image_array":"6947_cam-image_array_.jpg","user/throttle":0.30000001192092898,"user/angle":0.3719140589237213,"user/mode":"user","track/lap":6,"track/loc":-1}