{"cam/image_array":"6330_cam-image_array_.jpg","user/throttle":0.30000001192092898,"user/angle":-0.18659281730651856,"user/mode":"user","track/lap":5,"track/loc":-1}