{"cam/image_array":"6969_cam-image_array_.jpg","user/throttle":0.30000001192092898,"user/angle":0.25671812891960146,"user/mode":"user","track/lap":6,"track/loc":-1}