{"cam/image_array":"8260_cam-image_array_.jpg","user/throttle":0.30000001192092898,"user/angle":-0.0018086120253428817,"user/mode":"user","track/lap":7,"track/loc":-1}