{"cam/image_array":"5504_cam-image_array_.jpg","user/throttle":0.30000001192092898,"user/angle":0.01124171819537878,"user/mode":"user","track/lap":5,"track/loc":-1}