{"cam/image_array":"2797_cam-image_array_.jpg","user/throttle":0.30000001192092898,"user/angle":-0.3112562596797943,"user/mode":"user","track/lap":2,"track/loc":-1}