{"cam/image_array":"4072_cam-image_array_.jpg","user/throttle":0.30000001192092898,"user/angle":0.4067612588405609,"user/mode":"user","track/lap":3,"track/loc":-1}