{"cam/image_array":"6532_cam-image_array_.jpg","user/throttle":0.30000001192092898,"user/angle":-0.036613475531339648,"user/mode":"user","track/lap":5,"track/loc":-1}