{"cam/image_array":"541_cam-image_array_.jpg","user/throttle":0.30000001192092898,"user/angle":0.29726964235305788,"user/mode":"user","track/lap":1,"track/loc":-1}