{"cam/image_array":"9338_cam-image_array_.jpg","user/throttle":0.30000001192092898,"user/angle":0.0007194294594228268,"user/mode":"user","track/lap":8,"track/loc":-1}