{"cam/image_array":"2590_cam-image_array_.jpg","user/throttle":0.30000001192092898,"user/angle":0.37247467041015627,"user/mode":"user","track/lap":2,"track/loc":-1}