{"cam/image_array":"1926_cam-image_array_.jpg","user/throttle":0.30000001192092898,"user/angle":-0.8929812908172607,"user/mode":"user","track/lap":2,"track/loc":-1}