{"cam/image_array":"2159_cam-image_array_.jpg","user/throttle":0.30000001192092898,"user/angle":0.03536095842719078,"user/mode":"user","track/lap":2,"track/loc":-1}