{"cam/image_array":"3550_cam-image_array_.jpg","user/throttle":0.30000001192092898,"user/angle":-0.03119286522269249,"user/mode":"user","track/lap":3,"track/loc":-1}