{"cam/image_array":"1663_cam-image_array_.jpg","user/throttle":0.30000001192092898,"user/angle":0.023601526394486429,"user/mode":"user","track/lap":2,"track/loc":-1}