{"cam/image_array":"232_cam-image_array_.jpg","user/throttle":0.30000001192092898,"user/angle":0.008064093068242073,"user/mode":"user","track/lap":1,"track/loc":-1}