{"cam/image_array":"618_cam-image_array_.jpg","user/throttle":0.30000001192092898,"user/angle":0.12979385256767274,"user/mode":"user","track/lap":1,"track/loc":-1}