{"cam/image_array":"9344_cam-image_array_.jpg","user/throttle":0.30000001192092898,"user/angle":-0.5939717292785645,"user/mode":"user","track/lap":8,"track/loc":-1}