{"cam/image_array":"635_cam-image_array_.jpg","user/throttle":0.30000001192092898,"user/angle":0.11053846031427384,"user/mode":"user","track/lap":1,"track/loc":-1}