{"cam/image_array":"3536_cam-image_array_.jpg","user/throttle":0.30000001192092898,"user/angle":-0.34408482909202578,"user/mode":"user","track/lap":3,"track/loc":-1}