{"cam/image_array":"8368_cam-image_array_.jpg","user/throttle":0.30000001192092898,"user/angle":-0.09331024438142777,"user/mode":"user","track/lap":7,"track/loc":-1}