{"cam/image_array":"6008_cam-image_array_.jpg","user/throttle":0.30000001192092898,"user/angle":-0.2622964084148407,"user/mode":"user","track/lap":5,"track/loc":-1}