{"cam/image_array":"6915_cam-image_array_.jpg","user/throttle":0.30000001192092898,"user/angle":0.028233451768755914,"user/mode":"user","track/lap":6,"track/loc":-1}