{"cam/image_array":"6048_cam-image_array_.jpg","user/throttle":0.30000001192092898,"user/angle":-0.40557095408439639,"user/mode":"user","track/lap":5,"track/loc":-1}