{"cam/image_array":"5410_cam-image_array_.jpg","user/throttle":0.30000001192092898,"user/angle":0.4538707733154297,"user/mode":"user","track/lap":4,"track/loc":-1}