{"cam/image_array":"107_cam-image_array_.jpg","user/throttle":0.30000001192092898,"user/angle":0.09640128910541535,"user/mode":"user","track/lap":1,"track/loc":-1}