{"cam/image_array":"10381_cam-image_array_.jpg","user/throttle":0.30000001192092898,"user/angle":0.9935100674629211,"user/mode":"user","track/lap":9,"track/loc":-1}