{"cam/image_array":"9056_cam-image_array_.jpg","user/throttle":0.30000001192092898,"user/angle":0.3707507252693176,"user/mode":"user","track/lap":7,"track/loc":-1}