{"cam/image_array":"9216_cam-image_array_.jpg","user/throttle":0.30000001192092898,"user/angle":0.7180889248847961,"user/mode":"user","track/lap":8,"track/loc":-1}