{"cam/image_array":"6653_cam-image_array_.jpg","user/throttle":0.30000001192092898,"user/angle":-0.27407267689704897,"user/mode":"user","track/lap":5,"track/loc":-1}