{"cam/image_array":"8596_cam-image_array_.jpg","user/throttle":0.30000001192092898,"user/angle":0.060905516147613528,"user/mode":"user","track/lap":7,"track/loc":-1}