{"cam/image_array":"6664_cam-image_array_.jpg","user/throttle":0.30000001192092898,"user/angle":-0.09021001309156418,"user/mode":"user","track/lap":5,"track/loc":-1}