{"cam/image_array":"653_cam-image_array_.jpg","user/throttle":0.30000001192092898,"user/angle":-0.03868252411484718,"user/mode":"user","track/lap":1,"track/loc":-1}