{"cam/image_array":"5089_cam-image_array_.jpg","user/throttle":0.30000001192092898,"user/angle":0.28697559237480166,"user/mode":"user","track/lap":4,"track/loc":-1}