{"cam/image_array":"6573_cam-image_array_.jpg","user/throttle":0.30000001192092898,"user/angle":0.047784943133592609,"user/mode":"user","track/lap":5,"track/loc":-1}