{"cam/image_array":"9625_cam-image_array_.jpg","user/throttle":0.30000001192092898,"user/angle":-0.031691472977399829,"user/mode":"user","track/lap":8,"track/loc":-1}