{"cam/image_array":"2876_cam-image_array_.jpg","user/throttle":0.30000001192092898,"user/angle":-0.5036369562149048,"user/mode":"user","track/lap":3,"track/loc":-1}