{"cam/image_array":"10289_cam-image_array_.jpg","user/throttle":0.30000001192092898,"user/angle":0.3931700587272644,"user/mode":"user","track/lap":8,"track/loc":-1}