{"cam/image_array":"7892_cam-image_array_.jpg","user/throttle":0.30000001192092898,"user/angle":-0.043441541492938998,"user/mode":"user","track/lap":6,"track/loc":-1}