{"cam/image_array":"2644_cam-image_array_.jpg","user/throttle":0.30000001192092898,"user/angle":0.23251795768737794,"user/mode":"user","track/lap":2,"track/loc":-1}