{"cam/image_array":"7143_cam-image_array_.jpg","user/throttle":0.30000001192092898,"user/angle":-0.3455931544303894,"user/mode":"user","track/lap":6,"track/loc":-1}