{"cam/image_array":"9812_cam-image_array_.jpg","user/throttle":0.30000001192092898,"user/angle":0.9613381028175354,"user/mode":"user","track/lap":8,"track/loc":-1}