{"cam/image_array":"1806_cam-image_array_.jpg","user/throttle":0.30000001192092898,"user/angle":0.5398756861686707,"user/mode":"user","track/lap":2,"track/loc":-1}