{"cam/image_array":"120_cam-image_array_.jpg","user/throttle":0.30000001192092898,"user/angle":0.12842853367328645,"user/mode":"user","track/lap":1,"track/loc":-1}