{"cam/image_array":"6862_cam-image_array_.jpg","user/throttle":0.30000001192092898,"user/angle":-0.9070379137992859,"user/mode":"user","track/lap":6,"track/loc":-1}