{"cam/image_array":"2696_cam-image_array_.jpg","user/throttle":0.30000001192092898,"user/angle":-0.22062839567661286,"user/mode":"user","track/lap":2,"track/loc":-1}