{"cam/image_array":"2210_cam-image_array_.jpg","user/throttle":0.30000001192092898,"user/angle":-0.5532405972480774,"user/mode":"user","track/lap":2,"track/loc":-1}