{"cam/image_array":"2622_cam-image_array_.jpg","user/throttle":0.30000001192092898,"user/angle":0.7344911694526672,"user/mode":"user","track/lap":2,"track/loc":-1}