{"cam/image_array":"898_cam-image_array_.jpg","user/throttle":0.30000001192092898,"user/angle":0.20946155488491059,"user/mode":"user","track/lap":1,"track/loc":-1}