{"cam/image_array":"3374_cam-image_array_.jpg","user/throttle":0.30000001192092898,"user/angle":0.9844115972518921,"user/mode":"user","track/lap":3,"track/loc":-1}