{"cam/image_array":"6377_cam-image_array_.jpg","user/throttle":0.30000001192092898,"user/angle":-0.027355212718248369,"user/mode":"user","track/lap":5,"track/loc":-1}