{"cam/image_array":"1216_cam-image_array_.jpg","user/throttle":0.30000001192092898,"user/angle":-0.06429117918014527,"user/mode":"user","track/lap":1,"track/loc":-1}