{"cam/image_array":"874_cam-image_array_.jpg","user/throttle":0.30000001192092898,"user/angle":-0.016389477998018266,"user/mode":"user","track/lap":1,"track/loc":-1}