{"cam/image_array":"2480_cam-image_array_.jpg","user/throttle":0.30000001192092898,"user/angle":-0.10003542900085449,"user/mode":"user","track/lap":2,"track/loc":-1}