{"cam/image_array":"10332_cam-image_array_.jpg","user/throttle":0.30000001192092898,"user/angle":-0.5177445411682129,"user/mode":"user","track/lap":9,"track/loc":-1}