{"cam/image_array":"2147_cam-image_array_.jpg","user/throttle":0.30000001192092898,"user/angle":0.1680920571088791,"user/mode":"user","track/lap":2,"track/loc":-1}