{"cam/image_array":"225_cam-image_array_.jpg","user/throttle":0.30000001192092898,"user/angle":-0.0022352905943989755,"user/mode":"user","track/lap":1,"track/loc":-1}