{"cam/image_array":"2841_cam-image_array_.jpg","user/throttle":0.30000001192092898,"user/angle":-0.37355121970176699,"user/mode":"user","track/lap":2,"track/loc":-1}