{"cam/image_array":"2954_cam-image_array_.jpg","user/throttle":0.30000001192092898,"user/angle":0.22737239301204682,"user/mode":"user","track/lap":3,"track/loc":-1}