{"cam/image_array":"172_cam-image_array_.jpg","user/throttle":0.30000001192092898,"user/angle":0.02120816893875599,"user/mode":"user","track/lap":1,"track/loc":-1}