{"cam/image_array":"10178_cam-image_array_.jpg","user/throttle":0.30000001192092898,"user/angle":-0.03379974514245987,"user/mode":"user","track/lap":8,"track/loc":-1}