{"cam/image_array":"7374_cam-image_array_.jpg","user/throttle":0.30000001192092898,"user/angle":-0.06136506050825119,"user/mode":"user","track/lap":6,"track/loc":-1}