{"cam/image_array":"9030_cam-image_array_.jpg","user/throttle":0.30000001192092898,"user/angle":0.1708766669034958,"user/mode":"user","track/lap":7,"track/loc":-1}