{"cam/image_array":"925_cam-image_array_.jpg","user/throttle":0.30000001192092898,"user/angle":-0.14018142223358155,"user/mode":"user","track/lap":1,"track/loc":-1}