{"cam/image_array":"908_cam-image_array_.jpg","user/throttle":0.30000001192092898,"user/angle":0.47807633876800539,"user/mode":"user","track/lap":1,"track/loc":-1}