{"cam/image_array":"9566_cam-image_array_.jpg","user/throttle":0.30000001192092898,"user/angle":-0.3910866379737854,"user/mode":"user","track/lap":8,"track/loc":-1}