{"cam/image_array":"180_cam-image_array_.jpg","user/throttle":0.30000001192092898,"user/angle":-0.07063014805316925,"user/mode":"user","track/lap":1,"track/loc":-1}