{"cam/image_array":"654_cam-image_array_.jpg","user/throttle":0.30000001192092898,"user/angle":0.12822148203849793,"user/mode":"user","track/lap":1,"track/loc":-1}