{"cam/image_array":"10151_cam-image_array_.jpg","user/throttle":0.30000001192092898,"user/angle":-0.18775564432144166,"user/mode":"user","track/lap":8,"track/loc":-1}