{"cam/image_array":"6938_cam-image_array_.jpg","user/throttle":0.30000001192092898,"user/angle":0.29055872559547427,"user/mode":"user","track/lap":6,"track/loc":-1}