{"cam/image_array":"6955_cam-image_array_.jpg","user/throttle":0.30000001192092898,"user/angle":-0.028540337458252908,"user/mode":"user","track/lap":6,"track/loc":-1}