{"cam/image_array":"1033_cam-image_array_.jpg","user/throttle":0.30000001192092898,"user/angle":0.7060306072235107,"user/mode":"user","track/lap":1,"track/loc":-1}