{"cam/image_array":"1599_cam-image_array_.jpg","user/throttle":0.30000001192092898,"user/angle":-0.19680529832839967,"user/mode":"user","track/lap":2,"track/loc":-1}