{"cam/image_array":"3158_cam-image_array_.jpg","user/throttle":0.30000001192092898,"user/angle":-0.19552941620349885,"user/mode":"user","track/lap":3,"track/loc":-1}