{"cam/image_array":"7590_cam-image_array_.jpg","user/throttle":0.30000001192092898,"user/angle":-0.13469989597797395,"user/mode":"user","track/lap":6,"track/loc":-1}