{"cam/image_array":"976_cam-image_array_.jpg","user/throttle":0.30000001192092898,"user/angle":-0.26552751660346987,"user/mode":"user","track/lap":1,"track/loc":-1}