{"cam/image_array":"8932_cam-image_array_.jpg","user/throttle":0.30000001192092898,"user/angle":0.1291940063238144,"user/mode":"user","track/lap":7,"track/loc":-1}