{"cam/image_array":"9586_cam-image_array_.jpg","user/throttle":0.30000001192092898,"user/angle":0.5813911557197571,"user/mode":"user","track/lap":8,"track/loc":-1}