{"cam/image_array":"1410_cam-image_array_.jpg","user/throttle":0.30000001192092898,"user/angle":-0.25323018431663515,"user/mode":"user","track/lap":1,"track/loc":-1}