{"cam/image_array":"3352_cam-image_array_.jpg","user/throttle":0.30000001192092898,"user/angle":-0.7358977198600769,"user/mode":"user","track/lap":3,"track/loc":-1}