{"cam/image_array":"7805_cam-image_array_.jpg","user/throttle":0.30000001192092898,"user/angle":-0.25326257944107058,"user/mode":"user","track/lap":6,"track/loc":-1}