{"cam/image_array":"1899_cam-image_array_.jpg","user/throttle":0.30000001192092898,"user/angle":-0.09795237332582474,"user/mode":"user","track/lap":2,"track/loc":-1}