{"cam/image_array":"8495_cam-image_array_.jpg","user/throttle":0.30000001192092898,"user/angle":-0.16757149994373322,"user/mode":"user","track/lap":7,"track/loc":-1}