{"cam/image_array":"1161_cam-image_array_.jpg","user/throttle":0.30000001192092898,"user/angle":-0.7262596487998962,"user/mode":"user","track/lap":1,"track/loc":-1}