{"cam/image_array":"5717_cam-image_array_.jpg","user/throttle":0.30000001192092898,"user/angle":0.47891393303871157,"user/mode":"user","track/lap":5,"track/loc":-1}