{"cam/image_array":"615_cam-image_array_.jpg","user/throttle":0.30000001192092898,"user/angle":-0.25378525257110598,"user/mode":"user","track/lap":1,"track/loc":-1}