{"cam/image_array":"1564_cam-image_array_.jpg","user/throttle":0.30000001192092898,"user/angle":0.8082237243652344,"user/mode":"user","track/lap":2,"track/loc":-1}