{"cam/image_array":"3795_cam-image_array_.jpg","user/throttle":0.30000001192092898,"user/angle":-0.11411765962839127,"user/mode":"user","track/lap":3,"track/loc":-1}