{"cam/image_array":"5502_cam-image_array_.jpg","user/throttle":0.30000001192092898,"user/angle":0.11147495359182358,"user/mode":"user","track/lap":5,"track/loc":-1}