{"cam/image_array":"3186_cam-image_array_.jpg","user/throttle":0.30000001192092898,"user/angle":-0.21906520426273347,"user/mode":"user","track/lap":3,"track/loc":-1}