{"cam/image_array":"3346_cam-image_array_.jpg","user/throttle":0.30000001192092898,"user/angle":0.4796620309352875,"user/mode":"user","track/lap":3,"track/loc":-1}