{"cam/image_array":"792_cam-image_array_.jpg","user/throttle":0.30000001192092898,"user/angle":0.29739344120025637,"user/mode":"user","track/lap":1,"track/loc":-1}