{"cam/image_array":"1375_cam-image_array_.jpg","user/throttle":0.30000001192092898,"user/angle":0.3022470772266388,"user/mode":"user","track/lap":1,"track/loc":-1}