{"cam/image_array":"8013_cam-image_array_.jpg","user/throttle":0.30000001192092898,"user/angle":-0.48839274048805239,"user/mode":"user","track/lap":7,"track/loc":-1}