{"cam/image_array":"982_cam-image_array_.jpg","user/throttle":0.30000001192092898,"user/angle":-0.046798598021268848,"user/mode":"user","track/lap":1,"track/loc":-1}