{"cam/image_array":"128_cam-image_array_.jpg","user/throttle":0.30000001192092898,"user/angle":-0.03397215157747269,"user/mode":"user","track/lap":1,"track/loc":-1}