{"cam/image_array":"683_cam-image_array_.jpg","user/throttle":0.30000001192092898,"user/angle":-0.08189087361097336,"user/mode":"user","track/lap":1,"track/loc":-1}