{"cam/image_array":"919_cam-image_array_.jpg","user/throttle":0.30000001192092898,"user/angle":-0.45618587732315066,"user/mode":"user","track/lap":1,"track/loc":-1}