{"cam/image_array":"576_cam-image_array_.jpg","user/throttle":0.30000001192092898,"user/angle":-0.41708171367645266,"user/mode":"user","track/lap":1,"track/loc":-1}