{"cam/image_array":"2908_cam-image_array_.jpg","user/throttle":0.30000001192092898,"user/angle":0.6789296269416809,"user/mode":"user","track/lap":3,"track/loc":-1}