{"cam/image_array":"6141_cam-image_array_.jpg","user/throttle":0.30000001192092898,"user/angle":-0.10636782646179199,"user/mode":"user","track/lap":5,"track/loc":-1}