{"cam/image_array":"1501_cam-image_array_.jpg","user/throttle":0.30000001192092898,"user/angle":0.10632919520139694,"user/mode":"user","track/lap":1,"track/loc":-1}