{"cam/image_array":"9383_cam-image_array_.jpg","user/throttle":0.30000001192092898,"user/angle":0.0027962878812104465,"user/mode":"user","track/lap":8,"track/loc":-1}