{"cam/image_array":"3980_cam-image_array_.jpg","user/throttle":0.30000001192092898,"user/angle":-0.06724996119737625,"user/mode":"user","track/lap":3,"track/loc":-1}