{"cam/image_array":"9675_cam-image_array_.jpg","user/throttle":0.30000001192092898,"user/angle":-0.7953245043754578,"user/mode":"user","track/lap":8,"track/loc":-1}