{"cam/image_array":"4008_cam-image_array_.jpg","user/throttle":0.30000001192092898,"user/angle":0.10362926870584488,"user/mode":"user","track/lap":3,"track/loc":-1}