{"cam/image_array":"597_cam-image_array_.jpg","user/throttle":0.30000001192092898,"user/angle":-0.30967703461647036,"user/mode":"user","track/lap":1,"track/loc":-1}