{"cam/image_array":"8269_cam-image_array_.jpg","user/throttle":0.30000001192092898,"user/angle":0.30495432019233706,"user/mode":"user","track/lap":7,"track/loc":-1}