{"cam/image_array":"9920_cam-image_array_.jpg","user/throttle":0.30000001192092898,"user/angle":-0.02637145295739174,"user/mode":"user","track/lap":8,"track/loc":-1}