{"cam/image_array":"4208_cam-image_array_.jpg","user/throttle":0.30000001192092898,"user/angle":0.35661470890045168,"user/mode":"user","track/lap":4,"track/loc":-1}