{"cam/image_array":"4416_cam-image_array_.jpg","user/throttle":0.30000001192092898,"user/angle":0.40105825662612917,"user/mode":"user","track/lap":4,"track/loc":-1}