{"cam/image_array":"8437_cam-image_array_.jpg","user/throttle":0.30000001192092898,"user/angle":-0.5079949498176575,"user/mode":"user","track/lap":7,"track/loc":-1}