{"cam/image_array":"3759_cam-image_array_.jpg","user/throttle":0.30000001192092898,"user/angle":0.020686104893684388,"user/mode":"user","track/lap":3,"track/loc":-1}