{"cam/image_array":"10344_cam-image_array_.jpg","user/throttle":0.30000001192092898,"user/angle":-0.3509059250354767,"user/mode":"user","track/lap":9,"track/loc":-1}