{"cam/image_array":"1372_cam-image_array_.jpg","user/throttle":0.30000001192092898,"user/angle":-0.049923427402973178,"user/mode":"user","track/lap":1,"track/loc":-1}