{"cam/image_array":"7572_cam-image_array_.jpg","user/throttle":0.30000001192092898,"user/angle":0.7503212690353394,"user/mode":"user","track/lap":6,"track/loc":-1}