{"cam/image_array":"10173_cam-image_array_.jpg","user/throttle":0.30000001192092898,"user/angle":-0.1077815517783165,"user/mode":"user","track/lap":8,"track/loc":-1}