{"cam/image_array":"6632_cam-image_array_.jpg","user/throttle":0.30000001192092898,"user/angle":-0.28371790051460268,"user/mode":"user","track/lap":5,"track/loc":-1}