{"cam/image_array":"8359_cam-image_array_.jpg","user/throttle":0.30000001192092898,"user/angle":0.37021782994270327,"user/mode":"user","track/lap":7,"track/loc":-1}