{"cam/image_array":"3172_cam-image_array_.jpg","user/throttle":0.30000001192092898,"user/angle":-0.28128114342689516,"user/mode":"user","track/lap":3,"track/loc":-1}