{"cam/image_array":"2097_cam-image_array_.jpg","user/throttle":0.30000001192092898,"user/angle":0.17810209095478059,"user/mode":"user","track/lap":2,"track/loc":-1}