{"cam/image_array":"6775_cam-image_array_.jpg","user/throttle":0.30000001192092898,"user/angle":0.19180674850940705,"user/mode":"user","track/lap":6,"track/loc":-1}