{"cam/image_array":"5883_cam-image_array_.jpg","user/throttle":0.30000001192092898,"user/angle":-0.3490048348903656,"user/mode":"user","track/lap":5,"track/loc":-1}