{"cam/image_array":"2668_cam-image_array_.jpg","user/throttle":0.30000001192092898,"user/angle":0.28986120223999026,"user/mode":"user","track/lap":2,"track/loc":-1}