{"cam/image_array":"9159_cam-image_array_.jpg","user/throttle":0.30000001192092898,"user/angle":-0.3686998188495636,"user/mode":"user","track/lap":8,"track/loc":-1}