{"cam/image_array":"7609_cam-image_array_.jpg","user/throttle":0.30000001192092898,"user/angle":-0.18163003027439118,"user/mode":"user","track/lap":6,"track/loc":-1}