{"cam/image_array":"1506_cam-image_array_.jpg","user/throttle":0.30000001192092898,"user/angle":-0.1332107037305832,"user/mode":"user","track/lap":1,"track/loc":-1}