{"cam/image_array":"339_cam-image_array_.jpg","user/throttle":0.30000001192092898,"user/angle":0.0003628986596595496,"user/mode":"user","track/lap":1,"track/loc":-1}