{"cam/image_array":"2008_cam-image_array_.jpg","user/throttle":0.30000001192092898,"user/angle":-0.27581164240837099,"user/mode":"user","track/lap":2,"track/loc":-1}