{"cam/image_array":"10229_cam-image_array_.jpg","user/throttle":0.30000001192092898,"user/angle":-0.009232800453901291,"user/mode":"user","track/lap":8,"track/loc":-1}