{"cam/image_array":"1994_cam-image_array_.jpg","user/throttle":0.30000001192092898,"user/angle":0.8566055297851563,"user/mode":"user","track/lap":2,"track/loc":-1}