{"cam/image_array":"5715_cam-image_array_.jpg","user/throttle":0.30000001192092898,"user/angle":0.27978506684303286,"user/mode":"user","track/lap":5,"track/loc":-1}