{"cam/image_array":"9223_cam-image_array_.jpg","user/throttle":0.30000001192092898,"user/angle":-0.4289460778236389,"user/mode":"user","track/lap":8,"track/loc":-1}