{"cam/image_array":"1623_cam-image_array_.jpg","user/throttle":0.30000001192092898,"user/angle":-0.23442552983760835,"user/mode":"user","track/lap":2,"track/loc":-1}