{"cam/image_array":"6675_cam-image_array_.jpg","user/throttle":0.30000001192092898,"user/angle":-0.05664033442735672,"user/mode":"user","track/lap":5,"track/loc":-1}