{"cam/image_array":"8252_cam-image_array_.jpg","user/throttle":0.30000001192092898,"user/angle":0.06583207845687866,"user/mode":"user","track/lap":7,"track/loc":-1}