{"cam/image_array":"4719_cam-image_array_.jpg","user/throttle":0.30000001192092898,"user/angle":0.16983284056186677,"user/mode":"user","track/lap":4,"track/loc":-1}