{"cam/image_array":"6735_cam-image_array_.jpg","user/throttle":0.30000001192092898,"user/angle":0.39329293370246889,"user/mode":"user","track/lap":6,"track/loc":-1}