{"cam/image_array":"1632_cam-image_array_.jpg","user/throttle":0.30000001192092898,"user/angle":0.09652325510978699,"user/mode":"user","track/lap":2,"track/loc":-1}