{"cam/image_array":"6071_cam-image_array_.jpg","user/throttle":0.30000001192092898,"user/angle":0.06480143964290619,"user/mode":"user","track/lap":5,"track/loc":-1}