{"cam/image_array":"6665_cam-image_array_.jpg","user/throttle":0.30000001192092898,"user/angle":-0.34075799584388735,"user/mode":"user","track/lap":5,"track/loc":-1}