{"cam/image_array":"1163_cam-image_array_.jpg","user/throttle":0.30000001192092898,"user/angle":-0.5511622428894043,"user/mode":"user","track/lap":1,"track/loc":-1}