{"cam/image_array":"667_cam-image_array_.jpg","user/throttle":0.30000001192092898,"user/angle":0.18874748051166535,"user/mode":"user","track/lap":1,"track/loc":-1}