{"cam/image_array":"170_cam-image_array_.jpg","user/throttle":0.30000001192092898,"user/angle":0.01820586435496807,"user/mode":"user","track/lap":1,"track/loc":-1}