{"cam/image_array":"596_cam-image_array_.jpg","user/throttle":0.30000001192092898,"user/angle":0.19578984379768372,"user/mode":"user","track/lap":1,"track/loc":-1}