{"cam/image_array":"264_cam-image_array_.jpg","user/throttle":0.30000001192092898,"user/angle":-0.030606577172875406,"user/mode":"user","track/lap":1,"track/loc":-1}