{"cam/image_array":"375_cam-image_array_.jpg","user/throttle":0.30000001192092898,"user/angle":0.25185737013816836,"user/mode":"user","track/lap":1,"track/loc":-1}