{"cam/image_array":"4744_cam-image_array_.jpg","user/throttle":0.30000001192092898,"user/angle":0.25242912769317629,"user/mode":"user","track/lap":4,"track/loc":-1}