{"cam/image_array":"5011_cam-image_array_.jpg","user/throttle":0.30000001192092898,"user/angle":0.30721965432167055,"user/mode":"user","track/lap":4,"track/loc":-1}