{"cam/image_array":"9543_cam-image_array_.jpg","user/throttle":0.30000001192092898,"user/angle":-0.47186630964279177,"user/mode":"user","track/lap":8,"track/loc":-1}