{"cam/image_array":"4827_cam-image_array_.jpg","user/throttle":0.30000001192092898,"user/angle":-0.06509892642498017,"user/mode":"user","track/lap":4,"track/loc":-1}