{"cam/image_array":"4067_cam-image_array_.jpg","user/throttle":0.30000001192092898,"user/angle":-0.5284000635147095,"user/mode":"user","track/lap":3,"track/loc":-1}