{"cam/image_array":"6982_cam-image_array_.jpg","user/throttle":0.30000001192092898,"user/angle":-0.17097927629947663,"user/mode":"user","track/lap":6,"track/loc":-1}