{"cam/image_array":"4772_cam-image_array_.jpg","user/throttle":0.30000001192092898,"user/angle":0.16927731037139893,"user/mode":"user","track/lap":4,"track/loc":-1}