{"cam/image_array":"1604_cam-image_array_.jpg","user/throttle":0.30000001192092898,"user/angle":0.3256610333919525,"user/mode":"user","track/lap":2,"track/loc":-1}