{"cam/image_array":"7540_cam-image_array_.jpg","user/throttle":0.30000001192092898,"user/angle":-0.004442851524800062,"user/mode":"user","track/lap":6,"track/loc":-1}