{"cam/image_array":"4130_cam-image_array_.jpg","user/throttle":0.30000001192092898,"user/angle":-0.2077612578868866,"user/mode":"user","track/lap":3,"track/loc":-1}