{"cam/image_array":"9055_cam-image_array_.jpg","user/throttle":0.30000001192092898,"user/angle":0.043046820908784869,"user/mode":"user","track/lap":7,"track/loc":-1}