{"cam/image_array":"7397_cam-image_array_.jpg","user/throttle":0.30000001192092898,"user/angle":-0.03847440332174301,"user/mode":"user","track/lap":6,"track/loc":-1}