{"cam/image_array":"2925_cam-image_array_.jpg","user/throttle":0.30000001192092898,"user/angle":-0.29833248257637026,"user/mode":"user","track/lap":3,"track/loc":-1}