{"cam/image_array":"2568_cam-image_array_.jpg","user/throttle":0.30000001192092898,"user/angle":0.5165342688560486,"user/mode":"user","track/lap":2,"track/loc":-1}