{"cam/image_array":"9948_cam-image_array_.jpg","user/throttle":0.30000001192092898,"user/angle":-0.45624446868896487,"user/mode":"user","track/lap":8,"track/loc":-1}