{"cam/image_array":"835_cam-image_array_.jpg","user/throttle":0.30000001192092898,"user/angle":-0.07387422770261765,"user/mode":"user","track/lap":1,"track/loc":-1}