{"cam/image_array":"4011_cam-image_array_.jpg","user/throttle":0.30000001192092898,"user/angle":0.004570765420794487,"user/mode":"user","track/lap":3,"track/loc":-1}