{"cam/image_array":"3149_cam-image_array_.jpg","user/throttle":0.30000001192092898,"user/angle":-0.2778080701828003,"user/mode":"user","track/lap":3,"track/loc":-1}