{"cam/image_array":"6134_cam-image_array_.jpg","user/throttle":0.30000001192092898,"user/angle":0.06458141654729843,"user/mode":"user","track/lap":5,"track/loc":-1}