{"cam/image_array":"7990_cam-image_array_.jpg","user/throttle":0.30000001192092898,"user/angle":-0.031146928668022157,"user/mode":"user","track/lap":7,"track/loc":-1}