{"cam/image_array":"10069_cam-image_array_.jpg","user/throttle":0.30000001192092898,"user/angle":-0.6195316314697266,"user/mode":"user","track/lap":8,"track/loc":-1}