{"cam/image_array":"2589_cam-image_array_.jpg","user/throttle":0.30000001192092898,"user/angle":0.9699612259864807,"user/mode":"user","track/lap":2,"track/loc":-1}