{"cam/image_array":"9826_cam-image_array_.jpg","user/throttle":0.30000001192092898,"user/angle":-0.9752416014671326,"user/mode":"user","track/lap":8,"track/loc":-1}