{"cam/image_array":"4205_cam-image_array_.jpg","user/throttle":0.30000001192092898,"user/angle":0.27113503217697146,"user/mode":"user","track/lap":4,"track/loc":-1}