{"cam/image_array":"293_cam-image_array_.jpg","user/throttle":0.30000001192092898,"user/angle":-0.00041913107270374894,"user/mode":"user","track/lap":1,"track/loc":-1}