{"cam/image_array":"1762_cam-image_array_.jpg","user/throttle":0.30000001192092898,"user/angle":0.8384993672370911,"user/mode":"user","track/lap":2,"track/loc":-1}