{"cam/image_array":"6094_cam-image_array_.jpg","user/throttle":0.30000001192092898,"user/angle":-0.020065926015377046,"user/mode":"user","track/lap":5,"track/loc":-1}