{"cam/image_array":"5421_cam-image_array_.jpg","user/throttle":0.30000001192092898,"user/angle":0.36487922072410586,"user/mode":"user","track/lap":4,"track/loc":-1}