{"cam/image_array":"1153_cam-image_array_.jpg","user/throttle":0.30000001192092898,"user/angle":-0.7066492438316345,"user/mode":"user","track/lap":1,"track/loc":-1}