{"cam/image_array":"9921_cam-image_array_.jpg","user/throttle":0.30000001192092898,"user/angle":0.9254392385482788,"user/mode":"user","track/lap":8,"track/loc":-1}