{"cam/image_array":"1832_cam-image_array_.jpg","user/throttle":0.30000001192092898,"user/angle":0.15030822157859803,"user/mode":"user","track/lap":2,"track/loc":-1}