{"cam/image_array":"9369_cam-image_array_.jpg","user/throttle":0.30000001192092898,"user/angle":0.029639510437846185,"user/mode":"user","track/lap":8,"track/loc":-1}