{"cam/image_array":"7629_cam-image_array_.jpg","user/throttle":0.30000001192092898,"user/angle":0.3119332194328308,"user/mode":"user","track/lap":6,"track/loc":-1}