{"cam/image_array":"6813_cam-image_array_.jpg","user/throttle":0.30000001192092898,"user/angle":0.27811384201049807,"user/mode":"user","track/lap":6,"track/loc":-1}