{"cam/image_array":"10097_cam-image_array_.jpg","user/throttle":0.30000001192092898,"user/angle":0.7274108529090881,"user/mode":"user","track/lap":8,"track/loc":-1}