{"cam/image_array":"10181_cam-image_array_.jpg","user/throttle":0.30000001192092898,"user/angle":0.3693650960922241,"user/mode":"user","track/lap":8,"track/loc":-1}