{"cam/image_array":"4767_cam-image_array_.jpg","user/throttle":0.30000001192092898,"user/angle":0.17695170640945435,"user/mode":"user","track/lap":4,"track/loc":-1}