{"cam/image_array":"5194_cam-image_array_.jpg","user/throttle":0.30000001192092898,"user/angle":-0.7569094300270081,"user/mode":"user","track/lap":4,"track/loc":-1}