{"cam/image_array":"9006_cam-image_array_.jpg","user/throttle":0.30000001192092898,"user/angle":0.2048725038766861,"user/mode":"user","track/lap":7,"track/loc":-1}