{"cam/image_array":"2513_cam-image_array_.jpg","user/throttle":0.30000001192092898,"user/angle":0.22949974238872529,"user/mode":"user","track/lap":2,"track/loc":-1}