{"cam/image_array":"3920_cam-image_array_.jpg","user/throttle":0.30000001192092898,"user/angle":0.2765580415725708,"user/mode":"user","track/lap":3,"track/loc":-1}