{"cam/image_array":"5519_cam-image_array_.jpg","user/throttle":0.30000001192092898,"user/angle":-0.0024058569688349964,"user/mode":"user","track/lap":5,"track/loc":-1}