{"cam/image_array":"1637_cam-image_array_.jpg","user/throttle":0.30000001192092898,"user/angle":0.014342174865305424,"user/mode":"user","track/lap":2,"track/loc":-1}