{"cam/image_array":"1674_cam-image_array_.jpg","user/throttle":0.30000001192092898,"user/angle":0.04926389828324318,"user/mode":"user","track/lap":2,"track/loc":-1}