{"cam/image_array":"3598_cam-image_array_.jpg","user/throttle":0.30000001192092898,"user/angle":-0.018579114228487016,"user/mode":"user","track/lap":3,"track/loc":-1}