{"cam/image_array":"306_cam-image_array_.jpg","user/throttle":0.30000001192092898,"user/angle":0.0043243225663900379,"user/mode":"user","track/lap":1,"track/loc":-1}