{"cam/image_array":"9548_cam-image_array_.jpg","user/throttle":0.30000001192092898,"user/angle":0.041284795850515369,"user/mode":"user","track/lap":8,"track/loc":-1}