{"cam/image_array":"1892_cam-image_array_.jpg","user/throttle":0.30000001192092898,"user/angle":0.35136812925338747,"user/mode":"user","track/lap":2,"track/loc":-1}