{"cam/image_array":"171_cam-image_array_.jpg","user/throttle":0.30000001192092898,"user/angle":-0.09793706983327866,"user/mode":"user","track/lap":1,"track/loc":-1}