{"cam/image_array":"7167_cam-image_array_.jpg","user/throttle":0.30000001192092898,"user/angle":0.6336545348167419,"user/mode":"user","track/lap":6,"track/loc":-1}