{"cam/image_array":"210_cam-image_array_.jpg","user/throttle":0.30000001192092898,"user/angle":0.001441450323909521,"user/mode":"user","track/lap":1,"track/loc":-1}