{"cam/image_array":"9050_cam-image_array_.jpg","user/throttle":0.30000001192092898,"user/angle":0.2602044939994812,"user/mode":"user","track/lap":7,"track/loc":-1}