{"cam/image_array":"9710_cam-image_array_.jpg","user/throttle":0.30000001192092898,"user/angle":-0.14187578856945039,"user/mode":"user","track/lap":8,"track/loc":-1}