{"cam/image_array":"5395_cam-image_array_.jpg","user/throttle":0.30000001192092898,"user/angle":-0.2192850559949875,"user/mode":"user","track/lap":4,"track/loc":-1}