{"cam/image_array":"9381_cam-image_array_.jpg","user/throttle":0.30000001192092898,"user/angle":0.33770909905433657,"user/mode":"user","track/lap":8,"track/loc":-1}