{"cam/image_array":"236_cam-image_array_.jpg","user/throttle":0.30000001192092898,"user/angle":0.0035036629997193815,"user/mode":"user","track/lap":1,"track/loc":-1}