{"cam/image_array":"10401_cam-image_array_.jpg","user/throttle":0.30000001192092898,"user/angle":0.6817861795425415,"user/mode":"user","track/lap":9,"track/loc":-1}