{"cam/image_array":"1429_cam-image_array_.jpg","user/throttle":0.30000001192092898,"user/angle":-0.2612297832965851,"user/mode":"user","track/lap":1,"track/loc":-1}