{"cam/image_array":"9347_cam-image_array_.jpg","user/throttle":0.30000001192092898,"user/angle":0.17719706892967225,"user/mode":"user","track/lap":8,"track/loc":-1}