{"cam/image_array":"2845_cam-image_array_.jpg","user/throttle":0.30000001192092898,"user/angle":0.45796260237693789,"user/mode":"user","track/lap":2,"track/loc":-1}