{"cam/image_array":"8590_cam-image_array_.jpg","user/throttle":0.30000001192092898,"user/angle":0.2843824625015259,"user/mode":"user","track/lap":7,"track/loc":-1}