{"cam/image_array":"817_cam-image_array_.jpg","user/throttle":0.30000001192092898,"user/angle":0.0038748409133404495,"user/mode":"user","track/lap":1,"track/loc":-1}