{"cam/image_array":"5033_cam-image_array_.jpg","user/throttle":0.30000001192092898,"user/angle":0.017797110602259637,"user/mode":"user","track/lap":4,"track/loc":-1}