{"cam/image_array":"2863_cam-image_array_.jpg","user/throttle":0.30000001192092898,"user/angle":0.24115106463432313,"user/mode":"user","track/lap":3,"track/loc":-1}