{"cam/image_array":"116_cam-image_array_.jpg","user/throttle":0.30000001192092898,"user/angle":0.16649824380874635,"user/mode":"user","track/lap":1,"track/loc":-1}