{"cam/image_array":"1513_cam-image_array_.jpg","user/throttle":0.30000001192092898,"user/angle":-0.37187492847442629,"user/mode":"user","track/lap":1,"track/loc":-1}