{"cam/image_array":"10149_cam-image_array_.jpg","user/throttle":0.30000001192092898,"user/angle":-0.15102499723434449,"user/mode":"user","track/lap":8,"track/loc":-1}