{"cam/image_array":"1826_cam-image_array_.jpg","user/throttle":0.30000001192092898,"user/angle":-0.4530964195728302,"user/mode":"user","track/lap":2,"track/loc":-1}