{"cam/image_array":"2578_cam-image_array_.jpg","user/throttle":0.30000001192092898,"user/angle":0.8329988121986389,"user/mode":"user","track/lap":2,"track/loc":-1}