{"cam/image_array":"10427_cam-image_array_.jpg","user/throttle":0.30000001192092898,"user/angle":-0.2987464964389801,"user/mode":"user","track/lap":9,"track/loc":-1}