{"cam/image_array":"1250_cam-image_array_.jpg","user/throttle":0.30000001192092898,"user/angle":-0.5098404288291931,"user/mode":"user","track/lap":1,"track/loc":-1}