{"cam/image_array":"4864_cam-image_array_.jpg","user/throttle":0.30000001192092898,"user/angle":-0.0992608591914177,"user/mode":"user","track/lap":4,"track/loc":-1}