{"cam/image_array":"1351_cam-image_array_.jpg","user/throttle":0.30000001192092898,"user/angle":-0.008961182087659836,"user/mode":"user","track/lap":1,"track/loc":-1}