{"cam/image_array":"4102_cam-image_array_.jpg","user/throttle":0.30000001192092898,"user/angle":0.37268927693367007,"user/mode":"user","track/lap":3,"track/loc":-1}