{"cam/image_array":"5540_cam-image_array_.jpg","user/throttle":0.30000001192092898,"user/angle":-0.06589215248823166,"user/mode":"user","track/lap":5,"track/loc":-1}