{"cam/image_array":"1332_cam-image_array_.jpg","user/throttle":0.30000001192092898,"user/angle":-0.6277714967727661,"user/mode":"user","track/lap":1,"track/loc":-1}