{"cam/image_array":"2189_cam-image_array_.jpg","user/throttle":0.30000001192092898,"user/angle":0.7769147157669067,"user/mode":"user","track/lap":2,"track/loc":-1}