{"cam/image_array":"9549_cam-image_array_.jpg","user/throttle":0.30000001192092898,"user/angle":0.6465073823928833,"user/mode":"user","track/lap":8,"track/loc":-1}