{"cam/image_array":"7958_cam-image_array_.jpg","user/throttle":0.30000001192092898,"user/angle":-0.45043620467185976,"user/mode":"user","track/lap":6,"track/loc":-1}