{"cam/image_array":"1358_cam-image_array_.jpg","user/throttle":0.30000001192092898,"user/angle":0.07152856141328812,"user/mode":"user","track/lap":1,"track/loc":-1}