{"cam/image_array":"2720_cam-image_array_.jpg","user/throttle":0.30000001192092898,"user/angle":0.07952584326267243,"user/mode":"user","track/lap":2,"track/loc":-1}