{"cam/image_array":"9286_cam-image_array_.jpg","user/throttle":0.30000001192092898,"user/angle":-0.6801332235336304,"user/mode":"user","track/lap":8,"track/loc":-1}