{"cam/image_array":"590_cam-image_array_.jpg","user/throttle":0.30000001192092898,"user/angle":0.19264459609985352,"user/mode":"user","track/lap":1,"track/loc":-1}