{"cam/image_array":"3706_cam-image_array_.jpg","user/throttle":0.30000001192092898,"user/angle":-0.26285114884376528,"user/mode":"user","track/lap":3,"track/loc":-1}