{"cam/image_array":"7578_cam-image_array_.jpg","user/throttle":0.30000001192092898,"user/angle":-0.3879437744617462,"user/mode":"user","track/lap":6,"track/loc":-1}