{"cam/image_array":"5411_cam-image_array_.jpg","user/throttle":0.30000001192092898,"user/angle":0.3416753113269806,"user/mode":"user","track/lap":4,"track/loc":-1}