{"cam/image_array":"8315_cam-image_array_.jpg","user/throttle":0.30000001192092898,"user/angle":-0.2484554946422577,"user/mode":"user","track/lap":7,"track/loc":-1}