{"cam/image_array":"4010_cam-image_array_.jpg","user/throttle":0.30000001192092898,"user/angle":-0.06399339437484741,"user/mode":"user","track/lap":3,"track/loc":-1}