{"cam/image_array":"5362_cam-image_array_.jpg","user/throttle":0.30000001192092898,"user/angle":-0.38814109563827517,"user/mode":"user","track/lap":4,"track/loc":-1}