{"cam/image_array":"314_cam-image_array_.jpg","user/throttle":0.30000001192092898,"user/angle":-0.014178612269461155,"user/mode":"user","track/lap":1,"track/loc":-1}