{"cam/image_array":"1565_cam-image_array_.jpg","user/throttle":0.30000001192092898,"user/angle":0.24975883960723878,"user/mode":"user","track/lap":2,"track/loc":-1}