{"cam/image_array":"6383_cam-image_array_.jpg","user/throttle":0.30000001192092898,"user/angle":0.23268908262252809,"user/mode":"user","track/lap":5,"track/loc":-1}