{"cam/image_array":"5007_cam-image_array_.jpg","user/throttle":0.30000001192092898,"user/angle":-0.30711600184440615,"user/mode":"user","track/lap":4,"track/loc":-1}