{"cam/image_array":"10189_cam-image_array_.jpg","user/throttle":0.30000001192092898,"user/angle":0.022849801927804948,"user/mode":"user","track/lap":8,"track/loc":-1}