{"cam/image_array":"1572_cam-image_array_.jpg","user/throttle":0.30000001192092898,"user/angle":-0.2659741938114166,"user/mode":"user","track/lap":2,"track/loc":-1}