{"cam/image_array":"206_cam-image_array_.jpg","user/throttle":0.30000001192092898,"user/angle":0.006190192885696888,"user/mode":"user","track/lap":1,"track/loc":-1}