{"cam/image_array":"8574_cam-image_array_.jpg","user/throttle":0.30000001192092898,"user/angle":-0.0012604722287505866,"user/mode":"user","track/lap":7,"track/loc":-1}