{"cam/image_array":"9047_cam-image_array_.jpg","user/throttle":0.30000001192092898,"user/angle":0.18883909285068513,"user/mode":"user","track/lap":7,"track/loc":-1}