{"cam/image_array":"2434_cam-image_array_.jpg","user/throttle":0.30000001192092898,"user/angle":-0.06270968168973923,"user/mode":"user","track/lap":2,"track/loc":-1}