{"cam/image_array":"6545_cam-image_array_.jpg","user/throttle":0.30000001192092898,"user/angle":-0.21574291586875916,"user/mode":"user","track/lap":5,"track/loc":-1}