{"cam/image_array":"2824_cam-image_array_.jpg","user/throttle":0.30000001192092898,"user/angle":0.13978394865989686,"user/mode":"user","track/lap":2,"track/loc":-1}