{"cam/image_array":"10211_cam-image_array_.jpg","user/throttle":0.30000001192092898,"user/angle":-0.7925260663032532,"user/mode":"user","track/lap":8,"track/loc":-1}