{"cam/image_array":"7851_cam-image_array_.jpg","user/throttle":0.30000001192092898,"user/angle":-0.039722979068756106,"user/mode":"user","track/lap":6,"track/loc":-1}