{"cam/image_array":"2670_cam-image_array_.jpg","user/throttle":0.30000001192092898,"user/angle":0.35909101366996767,"user/mode":"user","track/lap":2,"track/loc":-1}