{"cam/image_array":"3804_cam-image_array_.jpg","user/throttle":0.30000001192092898,"user/angle":-0.16309359669685365,"user/mode":"user","track/lap":3,"track/loc":-1}