{"cam/image_array":"1016_cam-image_array_.jpg","user/throttle":0.30000001192092898,"user/angle":-0.10899854451417923,"user/mode":"user","track/lap":1,"track/loc":-1}