{"cam/image_array":"7797_cam-image_array_.jpg","user/throttle":0.30000001192092898,"user/angle":-0.0036177756264805795,"user/mode":"user","track/lap":6,"track/loc":-1}