{"cam/image_array":"4074_cam-image_array_.jpg","user/throttle":0.30000001192092898,"user/angle":0.2737002372741699,"user/mode":"user","track/lap":3,"track/loc":-1}