{"cam/image_array":"5530_cam-image_array_.jpg","user/throttle":0.30000001192092898,"user/angle":0.050628285855054858,"user/mode":"user","track/lap":5,"track/loc":-1}