{"cam/image_array":"2896_cam-image_array_.jpg","user/throttle":0.30000001192092898,"user/angle":0.8179539442062378,"user/mode":"user","track/lap":3,"track/loc":-1}