{"cam/image_array":"9961_cam-image_array_.jpg","user/throttle":0.30000001192092898,"user/angle":0.6014420390129089,"user/mode":"user","track/lap":8,"track/loc":-1}