{"cam/image_array":"248_cam-image_array_.jpg","user/throttle":0.30000001192092898,"user/angle":-0.0012153126299381257,"user/mode":"user","track/lap":1,"track/loc":-1}