{"cam/image_array":"1898_cam-image_array_.jpg","user/throttle":0.30000001192092898,"user/angle":-0.2688998878002167,"user/mode":"user","track/lap":2,"track/loc":-1}