{"cam/image_array":"10354_cam-image_array_.jpg","user/throttle":0.30000001192092898,"user/angle":0.10125405341386795,"user/mode":"user","track/lap":9,"track/loc":-1}