{"cam/image_array":"860_cam-image_array_.jpg","user/throttle":0.30000001192092898,"user/angle":0.40592652559280398,"user/mode":"user","track/lap":1,"track/loc":-1}