{"cam/image_array":"8769_cam-image_array_.jpg","user/throttle":0.30000001192092898,"user/angle":-0.6664668321609497,"user/mode":"user","track/lap":7,"track/loc":-1}