{"cam/image_array":"9123_cam-image_array_.jpg","user/throttle":0.30000001192092898,"user/angle":0.0018155064899474383,"user/mode":"user","track/lap":7,"track/loc":-1}