{"cam/image_array":"537_cam-image_array_.jpg","user/throttle":0.30000001192092898,"user/angle":0.49451667070388796,"user/mode":"user","track/lap":1,"track/loc":-1}