{"cam/image_array":"1647_cam-image_array_.jpg","user/throttle":0.30000001192092898,"user/angle":0.12781384587287904,"user/mode":"user","track/lap":2,"track/loc":-1}