{"cam/image_array":"2675_cam-image_array_.jpg","user/throttle":0.30000001192092898,"user/angle":0.2751886546611786,"user/mode":"user","track/lap":2,"track/loc":-1}