{"cam/image_array":"4602_cam-image_array_.jpg","user/throttle":0.30000001192092898,"user/angle":0.42564254999160769,"user/mode":"user","track/lap":4,"track/loc":-1}