{"cam/image_array":"5244_cam-image_array_.jpg","user/throttle":0.30000001192092898,"user/angle":-0.5500003695487976,"user/mode":"user","track/lap":4,"track/loc":-1}