{"cam/image_array":"7158_cam-image_array_.jpg","user/throttle":0.30000001192092898,"user/angle":0.15726397931575776,"user/mode":"user","track/lap":6,"track/loc":-1}