{"cam/image_array":"10244_cam-image_array_.jpg","user/throttle":0.30000001192092898,"user/angle":-0.057867422699928287,"user/mode":"user","track/lap":8,"track/loc":-1}