{"cam/image_array":"2018_cam-image_array_.jpg","user/throttle":0.30000001192092898,"user/angle":0.30895906686782839,"user/mode":"user","track/lap":2,"track/loc":-1}