{"cam/image_array":"7988_cam-image_array_.jpg","user/throttle":0.30000001192092898,"user/angle":-0.34700635075569155,"user/mode":"user","track/lap":7,"track/loc":-1}