{"cam/image_array":"9015_cam-image_array_.jpg","user/throttle":0.30000001192092898,"user/angle":0.22459493577480317,"user/mode":"user","track/lap":7,"track/loc":-1}