{"cam/image_array":"586_cam-image_array_.jpg","user/throttle":0.30000001192092898,"user/angle":0.07986756414175034,"user/mode":"user","track/lap":1,"track/loc":-1}