{"cam/image_array":"7630_cam-image_array_.jpg","user/throttle":0.30000001192092898,"user/angle":-0.1791275441646576,"user/mode":"user","track/lap":6,"track/loc":-1}