{"cam/image_array":"6814_cam-image_array_.jpg","user/throttle":0.30000001192092898,"user/angle":-0.3977164030075073,"user/mode":"user","track/lap":6,"track/loc":-1}