{"cam/image_array":"585_cam-image_array_.jpg","user/throttle":0.30000001192092898,"user/angle":0.17579255998134614,"user/mode":"user","track/lap":1,"track/loc":-1}