{"cam/image_array":"10191_cam-image_array_.jpg","user/throttle":0.30000001192092898,"user/angle":0.2136455625295639,"user/mode":"user","track/lap":8,"track/loc":-1}