{"cam/image_array":"8431_cam-image_array_.jpg","user/throttle":0.30000001192092898,"user/angle":-0.9998811483383179,"user/mode":"user","track/lap":7,"track/loc":-1}