{"cam/image_array":"7987_cam-image_array_.jpg","user/throttle":0.30000001192092898,"user/angle":0.07061467319726944,"user/mode":"user","track/lap":7,"track/loc":-1}