{"cam/image_array":"6360_cam-image_array_.jpg","user/throttle":0.30000001192092898,"user/angle":-0.20357823371887208,"user/mode":"user","track/lap":5,"track/loc":-1}