{"cam/image_array":"2658_cam-image_array_.jpg","user/throttle":0.30000001192092898,"user/angle":-0.16322815418243409,"user/mode":"user","track/lap":2,"track/loc":-1}