{"cam/image_array":"6273_cam-image_array_.jpg","user/throttle":0.30000001192092898,"user/angle":0.24639394879341126,"user/mode":"user","track/lap":5,"track/loc":-1}