{"cam/image_array":"3151_cam-image_array_.jpg","user/throttle":0.30000001192092898,"user/angle":-0.27073758840560915,"user/mode":"user","track/lap":3,"track/loc":-1}