{"cam/image_array":"710_cam-image_array_.jpg","user/throttle":0.30000001192092898,"user/angle":-0.49910274147987368,"user/mode":"user","track/lap":1,"track/loc":-1}