{"cam/image_array":"4105_cam-image_array_.jpg","user/throttle":0.30000001192092898,"user/angle":0.1601082980632782,"user/mode":"user","track/lap":3,"track/loc":-1}