{"cam/image_array":"5980_cam-image_array_.jpg","user/throttle":0.30000001192092898,"user/angle":0.41493532061576846,"user/mode":"user","track/lap":5,"track/loc":-1}