{"cam/image_array":"9983_cam-image_array_.jpg","user/throttle":0.30000001192092898,"user/angle":-0.0012864012969657779,"user/mode":"user","track/lap":8,"track/loc":-1}