{"cam/image_array":"105_cam-image_array_.jpg","user/throttle":0.30000001192092898,"user/angle":0.08166323602199555,"user/mode":"user","track/lap":1,"track/loc":-1}