{"cam/image_array":"9781_cam-image_array_.jpg","user/throttle":0.30000001192092898,"user/angle":-0.37984442710876467,"user/mode":"user","track/lap":8,"track/loc":-1}