{"cam/image_array":"6059_cam-image_array_.jpg","user/throttle":0.30000001192092898,"user/angle":-0.35751545429229739,"user/mode":"user","track/lap":5,"track/loc":-1}