{"cam/image_array":"2378_cam-image_array_.jpg","user/throttle":0.30000001192092898,"user/angle":-0.6540670990943909,"user/mode":"user","track/lap":2,"track/loc":-1}