{"cam/image_array":"9021_cam-image_array_.jpg","user/throttle":0.30000001192092898,"user/angle":0.14840452373027802,"user/mode":"user","track/lap":7,"track/loc":-1}