{"cam/image_array":"6764_cam-image_array_.jpg","user/throttle":0.30000001192092898,"user/angle":0.4514719843864441,"user/mode":"user","track/lap":6,"track/loc":-1}