{"cam/image_array":"2262_cam-image_array_.jpg","user/throttle":0.30000001192092898,"user/angle":-0.14017708599567414,"user/mode":"user","track/lap":2,"track/loc":-1}