{"cam/image_array":"6767_cam-image_array_.jpg","user/throttle":0.30000001192092898,"user/angle":0.9201074242591858,"user/mode":"user","track/lap":6,"track/loc":-1}