{"cam/image_array":"8581_cam-image_array_.jpg","user/throttle":0.30000001192092898,"user/angle":0.07200013101100922,"user/mode":"user","track/lap":7,"track/loc":-1}