{"cam/image_array":"4033_cam-image_array_.jpg","user/throttle":0.30000001192092898,"user/angle":-0.7510388493537903,"user/mode":"user","track/lap":3,"track/loc":-1}