{"cam/image_array":"9424_cam-image_array_.jpg","user/throttle":0.30000001192092898,"user/angle":0.16109658777713777,"user/mode":"user","track/lap":8,"track/loc":-1}