{"cam/image_array":"9219_cam-image_array_.jpg","user/throttle":0.30000001192092898,"user/angle":-0.1577739268541336,"user/mode":"user","track/lap":8,"track/loc":-1}