{"cam/image_array":"8397_cam-image_array_.jpg","user/throttle":0.30000001192092898,"user/angle":0.1334216594696045,"user/mode":"user","track/lap":7,"track/loc":-1}