{"cam/image_array":"9079_cam-image_array_.jpg","user/throttle":0.30000001192092898,"user/angle":0.20814065635204316,"user/mode":"user","track/lap":7,"track/loc":-1}