{"cam/image_array":"1874_cam-image_array_.jpg","user/throttle":0.30000001192092898,"user/angle":-0.06905623525381088,"user/mode":"user","track/lap":2,"track/loc":-1}