{"cam/image_array":"1511_cam-image_array_.jpg","user/throttle":0.30000001192092898,"user/angle":0.27318263053894045,"user/mode":"user","track/lap":1,"track/loc":-1}