{"cam/image_array":"2273_cam-image_array_.jpg","user/throttle":0.30000001192092898,"user/angle":0.04044713079929352,"user/mode":"user","track/lap":2,"track/loc":-1}