{"cam/image_array":"10139_cam-image_array_.jpg","user/throttle":0.30000001192092898,"user/angle":0.02917681261897087,"user/mode":"user","track/lap":8,"track/loc":-1}