{"cam/image_array":"4080_cam-image_array_.jpg","user/throttle":0.30000001192092898,"user/angle":-0.05768725275993347,"user/mode":"user","track/lap":3,"track/loc":-1}