{"cam/image_array":"6266_cam-image_array_.jpg","user/throttle":0.30000001192092898,"user/angle":0.9219489097595215,"user/mode":"user","track/lap":5,"track/loc":-1}