{"cam/image_array":"5306_cam-image_array_.jpg","user/throttle":0.30000001192092898,"user/angle":-0.18620112538337708,"user/mode":"user","track/lap":4,"track/loc":-1}