{"cam/image_array":"818_cam-image_array_.jpg","user/throttle":0.30000001192092898,"user/angle":0.37386688590049746,"user/mode":"user","track/lap":1,"track/loc":-1}