{"cam/image_array":"1631_cam-image_array_.jpg","user/throttle":0.30000001192092898,"user/angle":0.04032491147518158,"user/mode":"user","track/lap":2,"track/loc":-1}