{"cam/image_array":"7790_cam-image_array_.jpg","user/throttle":0.30000001192092898,"user/angle":-0.14497768878936768,"user/mode":"user","track/lap":6,"track/loc":-1}