{"cam/image_array":"353_cam-image_array_.jpg","user/throttle":0.30000001192092898,"user/angle":0.005220653023570776,"user/mode":"user","track/lap":1,"track/loc":-1}