{"cam/image_array":"106_cam-image_array_.jpg","user/throttle":0.30000001192092898,"user/angle":-0.01449335366487503,"user/mode":"user","track/lap":1,"track/loc":-1}