{"cam/image_array":"6033_cam-image_array_.jpg","user/throttle":0.30000001192092898,"user/angle":0.49213749170303347,"user/mode":"user","track/lap":5,"track/loc":-1}