{"cam/image_array":"2445_cam-image_array_.jpg","user/throttle":0.30000001192092898,"user/angle":-0.07897965610027313,"user/mode":"user","track/lap":2,"track/loc":-1}