{"cam/image_array":"303_cam-image_array_.jpg","user/throttle":0.30000001192092898,"user/angle":0.0005486392765305936,"user/mode":"user","track/lap":1,"track/loc":-1}