{"cam/image_array":"2505_cam-image_array_.jpg","user/throttle":0.30000001192092898,"user/angle":-0.25526872277259829,"user/mode":"user","track/lap":2,"track/loc":-1}