{"cam/image_array":"276_cam-image_array_.jpg","user/throttle":0.30000001192092898,"user/angle":-0.026443088427186014,"user/mode":"user","track/lap":1,"track/loc":-1}