{"cam/image_array":"1334_cam-image_array_.jpg","user/throttle":0.30000001192092898,"user/angle":-0.5867671966552734,"user/mode":"user","track/lap":1,"track/loc":-1}