{"cam/image_array":"9297_cam-image_array_.jpg","user/throttle":0.30000001192092898,"user/angle":0.9108231067657471,"user/mode":"user","track/lap":8,"track/loc":-1}