{"cam/image_array":"8966_cam-image_array_.jpg","user/throttle":0.30000001192092898,"user/angle":-0.012448195368051529,"user/mode":"user","track/lap":7,"track/loc":-1}