{"cam/image_array":"9107_cam-image_array_.jpg","user/throttle":0.30000001192092898,"user/angle":-0.12998314201831819,"user/mode":"user","track/lap":7,"track/loc":-1}