{"cam/image_array":"546_cam-image_array_.jpg","user/throttle":0.30000001192092898,"user/angle":0.03161879628896713,"user/mode":"user","track/lap":1,"track/loc":-1}