{"cam/image_array":"142_cam-image_array_.jpg","user/throttle":0.30000001192092898,"user/angle":0.051412101835012439,"user/mode":"user","track/lap":1,"track/loc":-1}