{"cam/image_array":"10127_cam-image_array_.jpg","user/throttle":0.30000001192092898,"user/angle":-0.27538031339645388,"user/mode":"user","track/lap":8,"track/loc":-1}