{"cam/image_array":"6058_cam-image_array_.jpg","user/throttle":0.30000001192092898,"user/angle":0.20961765944957734,"user/mode":"user","track/lap":5,"track/loc":-1}