{"cam/image_array":"638_cam-image_array_.jpg","user/throttle":0.30000001192092898,"user/angle":-0.21746647357940675,"user/mode":"user","track/lap":1,"track/loc":-1}