{"cam/image_array":"8805_cam-image_array_.jpg","user/throttle":0.30000001192092898,"user/angle":-0.3710697293281555,"user/mode":"user","track/lap":7,"track/loc":-1}