{"cam/image_array":"566_cam-image_array_.jpg","user/throttle":0.30000001192092898,"user/angle":0.10291600227355957,"user/mode":"user","track/lap":1,"track/loc":-1}