{"cam/image_array":"9052_cam-image_array_.jpg","user/throttle":0.30000001192092898,"user/angle":-0.8844090700149536,"user/mode":"user","track/lap":7,"track/loc":-1}