{"cam/image_array":"7424_cam-image_array_.jpg","user/throttle":0.30000001192092898,"user/angle":0.7240203022956848,"user/mode":"user","track/lap":6,"track/loc":-1}