{"cam/image_array":"3797_cam-image_array_.jpg","user/throttle":0.30000001192092898,"user/angle":-0.23164521157741548,"user/mode":"user","track/lap":3,"track/loc":-1}