{"cam/image_array":"392_cam-image_array_.jpg","user/throttle":0.30000001192092898,"user/angle":0.48136740922927859,"user/mode":"user","track/lap":1,"track/loc":-1}