{"cam/image_array":"558_cam-image_array_.jpg","user/throttle":0.30000001192092898,"user/angle":0.31517213582992556,"user/mode":"user","track/lap":1,"track/loc":-1}