{"cam/image_array":"1500_cam-image_array_.jpg","user/throttle":0.30000001192092898,"user/angle":0.4494397044181824,"user/mode":"user","track/lap":1,"track/loc":-1}