{"cam/image_array":"6470_cam-image_array_.jpg","user/throttle":0.30000001192092898,"user/angle":-0.22533589601516725,"user/mode":"user","track/lap":5,"track/loc":-1}