{"cam/image_array":"8011_cam-image_array_.jpg","user/throttle":0.30000001192092898,"user/angle":-0.49483370780944826,"user/mode":"user","track/lap":7,"track/loc":-1}