{"cam/image_array":"117_cam-image_array_.jpg","user/throttle":0.30000001192092898,"user/angle":0.14547352492809297,"user/mode":"user","track/lap":1,"track/loc":-1}