{"cam/image_array":"10176_cam-image_array_.jpg","user/throttle":0.30000001192092898,"user/angle":-0.3058958947658539,"user/mode":"user","track/lap":8,"track/loc":-1}