{"cam/image_array":"2021_cam-image_array_.jpg","user/throttle":0.30000001192092898,"user/angle":0.018816471099853517,"user/mode":"user","track/lap":2,"track/loc":-1}