{"cam/image_array":"3973_cam-image_array_.jpg","user/throttle":0.30000001192092898,"user/angle":-0.14848923683166505,"user/mode":"user","track/lap":3,"track/loc":-1}