{"cam/image_array":"4295_cam-image_array_.jpg","user/throttle":0.30000001192092898,"user/angle":-0.28813621401786806,"user/mode":"user","track/lap":4,"track/loc":-1}