{"cam/image_array":"1896_cam-image_array_.jpg","user/throttle":0.30000001192092898,"user/angle":-0.13626563549041749,"user/mode":"user","track/lap":2,"track/loc":-1}