{"cam/image_array":"122_cam-image_array_.jpg","user/throttle":0.30000001192092898,"user/angle":0.08717198669910431,"user/mode":"user","track/lap":1,"track/loc":-1}