{"cam/image_array":"9191_cam-image_array_.jpg","user/throttle":0.30000001192092898,"user/angle":-0.1122937723994255,"user/mode":"user","track/lap":8,"track/loc":-1}