{"cam/image_array":"8443_cam-image_array_.jpg","user/throttle":0.30000001192092898,"user/angle":0.6066052913665772,"user/mode":"user","track/lap":7,"track/loc":-1}