{"cam/image_array":"321_cam-image_array_.jpg","user/throttle":0.30000001192092898,"user/angle":0.002259917790070176,"user/mode":"user","track/lap":1,"track/loc":-1}