{"cam/image_array":"9078_cam-image_array_.jpg","user/throttle":0.30000001192092898,"user/angle":0.4951266348361969,"user/mode":"user","track/lap":7,"track/loc":-1}