{"cam/image_array":"10088_cam-image_array_.jpg","user/throttle":0.30000001192092898,"user/angle":0.8212984800338745,"user/mode":"user","track/lap":8,"track/loc":-1}