{"cam/image_array":"3769_cam-image_array_.jpg","user/throttle":0.30000001192092898,"user/angle":-0.17369313538074494,"user/mode":"user","track/lap":3,"track/loc":-1}