{"cam/image_array":"7775_cam-image_array_.jpg","user/throttle":0.30000001192092898,"user/angle":0.021515564993023874,"user/mode":"user","track/lap":6,"track/loc":-1}