{"cam/image_array":"8380_cam-image_array_.jpg","user/throttle":0.30000001192092898,"user/angle":-0.7112759947776794,"user/mode":"user","track/lap":7,"track/loc":-1}