{"cam/image_array":"9092_cam-image_array_.jpg","user/throttle":0.30000001192092898,"user/angle":-0.36373254656791689,"user/mode":"user","track/lap":7,"track/loc":-1}