{"cam/image_array":"159_cam-image_array_.jpg","user/throttle":0.30000001192092898,"user/angle":-0.06527797877788544,"user/mode":"user","track/lap":1,"track/loc":-1}