{"cam/image_array":"650_cam-image_array_.jpg","user/throttle":0.30000001192092898,"user/angle":0.10921945422887802,"user/mode":"user","track/lap":1,"track/loc":-1}