{"cam/image_array":"1211_cam-image_array_.jpg","user/throttle":0.30000001192092898,"user/angle":-0.11175765842199326,"user/mode":"user","track/lap":1,"track/loc":-1}