{"cam/image_array":"2916_cam-image_array_.jpg","user/throttle":0.30000001192092898,"user/angle":0.20458565652370454,"user/mode":"user","track/lap":3,"track/loc":-1}