{"cam/image_array":"873_cam-image_array_.jpg","user/throttle":0.30000001192092898,"user/angle":-0.00564314192160964,"user/mode":"user","track/lap":1,"track/loc":-1}