{"cam/image_array":"164_cam-image_array_.jpg","user/throttle":0.30000001192092898,"user/angle":0.0029534155037254097,"user/mode":"user","track/lap":1,"track/loc":-1}