{"cam/image_array":"3246_cam-image_array_.jpg","user/throttle":0.30000001192092898,"user/angle":-0.9954673647880554,"user/mode":"user","track/lap":3,"track/loc":-1}