{"cam/image_array":"6289_cam-image_array_.jpg","user/throttle":0.30000001192092898,"user/angle":-0.5388091802597046,"user/mode":"user","track/lap":5,"track/loc":-1}