{"cam/image_array":"244_cam-image_array_.jpg","user/throttle":0.30000001192092898,"user/angle":0.007426763419061899,"user/mode":"user","track/lap":1,"track/loc":-1}