{"cam/image_array":"8014_cam-image_array_.jpg","user/throttle":0.30000001192092898,"user/angle":-0.17895609140396119,"user/mode":"user","track/lap":7,"track/loc":-1}