{"cam/image_array":"10058_cam-image_array_.jpg","user/throttle":0.30000001192092898,"user/angle":0.02400026097893715,"user/mode":"user","track/lap":8,"track/loc":-1}