{"cam/image_array":"1219_cam-image_array_.jpg","user/throttle":0.30000001192092898,"user/angle":-0.013827179558575154,"user/mode":"user","track/lap":1,"track/loc":-1}