{"cam/image_array":"6369_cam-image_array_.jpg","user/throttle":0.30000001192092898,"user/angle":-0.03949924558401108,"user/mode":"user","track/lap":5,"track/loc":-1}