{"cam/image_array":"5963_cam-image_array_.jpg","user/throttle":0.30000001192092898,"user/angle":-0.3168099820613861,"user/mode":"user","track/lap":5,"track/loc":-1}