{"cam/image_array":"5727_cam-image_array_.jpg","user/throttle":0.30000001192092898,"user/angle":-0.49470579624176028,"user/mode":"user","track/lap":5,"track/loc":-1}