{"cam/image_array":"5556_cam-image_array_.jpg","user/throttle":0.30000001192092898,"user/angle":0.06423540413379669,"user/mode":"user","track/lap":5,"track/loc":-1}