{"cam/image_array":"2294_cam-image_array_.jpg","user/throttle":0.30000001192092898,"user/angle":0.48484647274017336,"user/mode":"user","track/lap":2,"track/loc":-1}