{"cam/image_array":"3499_cam-image_array_.jpg","user/throttle":0.30000001192092898,"user/angle":-0.7561705112457275,"user/mode":"user","track/lap":3,"track/loc":-1}