{"cam/image_array":"4213_cam-image_array_.jpg","user/throttle":0.30000001192092898,"user/angle":-0.6265561580657959,"user/mode":"user","track/lap":4,"track/loc":-1}