{"cam/image_array":"6928_cam-image_array_.jpg","user/throttle":0.30000001192092898,"user/angle":0.9348077774047852,"user/mode":"user","track/lap":6,"track/loc":-1}