{"cam/image_array":"512_cam-image_array_.jpg","user/throttle":0.30000001192092898,"user/angle":-0.10379758477210999,"user/mode":"user","track/lap":1,"track/loc":-1}