{"cam/image_array":"4270_cam-image_array_.jpg","user/throttle":0.30000001192092898,"user/angle":-0.7183388471603394,"user/mode":"user","track/lap":4,"track/loc":-1}