{"cam/image_array":"8713_cam-image_array_.jpg","user/throttle":0.30000001192092898,"user/angle":0.9691275954246521,"user/mode":"user","track/lap":7,"track/loc":-1}