{"cam/image_array":"1610_cam-image_array_.jpg","user/throttle":0.30000001192092898,"user/angle":-0.3035114109516144,"user/mode":"user","track/lap":2,"track/loc":-1}