{"cam/image_array":"2728_cam-image_array_.jpg","user/throttle":0.30000001192092898,"user/angle":-0.15836291015148164,"user/mode":"user","track/lap":2,"track/loc":-1}