{"cam/image_array":"2236_cam-image_array_.jpg","user/throttle":0.30000001192092898,"user/angle":-0.06968799978494644,"user/mode":"user","track/lap":2,"track/loc":-1}