{"cam/image_array":"1573_cam-image_array_.jpg","user/throttle":0.30000001192092898,"user/angle":-0.4398154020309448,"user/mode":"user","track/lap":2,"track/loc":-1}