{"cam/image_array":"522_cam-image_array_.jpg","user/throttle":0.30000001192092898,"user/angle":-0.29742032289505007,"user/mode":"user","track/lap":1,"track/loc":-1}