{"cam/image_array":"9917_cam-image_array_.jpg","user/throttle":0.30000001192092898,"user/angle":-0.4026820957660675,"user/mode":"user","track/lap":8,"track/loc":-1}