{"cam/image_array":"7646_cam-image_array_.jpg","user/throttle":0.30000001192092898,"user/angle":-0.0260783638805151,"user/mode":"user","track/lap":6,"track/loc":-1}