{"cam/image_array":"7054_cam-image_array_.jpg","user/throttle":0.30000001192092898,"user/angle":-0.8503667712211609,"user/mode":"user","track/lap":6,"track/loc":-1}