{"cam/image_array":"2020_cam-image_array_.jpg","user/throttle":0.30000001192092898,"user/angle":0.2954787313938141,"user/mode":"user","track/lap":2,"track/loc":-1}