{"cam/image_array":"7904_cam-image_array_.jpg","user/throttle":0.30000001192092898,"user/angle":-0.2144060730934143,"user/mode":"user","track/lap":6,"track/loc":-1}