{"cam/image_array":"5169_cam-image_array_.jpg","user/throttle":0.30000001192092898,"user/angle":-0.7860243320465088,"user/mode":"user","track/lap":4,"track/loc":-1}