{"cam/image_array":"636_cam-image_array_.jpg","user/throttle":0.30000001192092898,"user/angle":-0.11800478398799896,"user/mode":"user","track/lap":1,"track/loc":-1}