{"cam/image_array":"138_cam-image_array_.jpg","user/throttle":0.30000001192092898,"user/angle":-0.04159677028656006,"user/mode":"user","track/lap":1,"track/loc":-1}