{"cam/image_array":"260_cam-image_array_.jpg","user/throttle":0.30000001192092898,"user/angle":0.0027735866606235506,"user/mode":"user","track/lap":1,"track/loc":-1}