{"cam/image_array":"6569_cam-image_array_.jpg","user/throttle":0.30000001192092898,"user/angle":0.23772577941417695,"user/mode":"user","track/lap":5,"track/loc":-1}