{"cam/image_array":"288_cam-image_array_.jpg","user/throttle":0.30000001192092898,"user/angle":0.0035321838222444059,"user/mode":"user","track/lap":1,"track/loc":-1}