{"cam/image_array":"8779_cam-image_array_.jpg","user/throttle":0.30000001192092898,"user/angle":0.5107594728469849,"user/mode":"user","track/lap":7,"track/loc":-1}