{"cam/image_array":"10201_cam-image_array_.jpg","user/throttle":0.30000001192092898,"user/angle":-0.07825803756713867,"user/mode":"user","track/lap":8,"track/loc":-1}