{"cam/image_array":"7917_cam-image_array_.jpg","user/throttle":0.30000001192092898,"user/angle":-0.0011132884537801147,"user/mode":"user","track/lap":6,"track/loc":-1}