{"cam/image_array":"6762_cam-image_array_.jpg","user/throttle":0.30000001192092898,"user/angle":-0.7745785713195801,"user/mode":"user","track/lap":6,"track/loc":-1}