{"cam/image_array":"103_cam-image_array_.jpg","user/throttle":0.30000001192092898,"user/angle":0.07655360549688339,"user/mode":"user","track/lap":1,"track/loc":-1}