{"cam/image_array":"2715_cam-image_array_.jpg","user/throttle":0.30000001192092898,"user/angle":0.02430148795247078,"user/mode":"user","track/lap":2,"track/loc":-1}