{"cam/image_array":"3585_cam-image_array_.jpg","user/throttle":0.30000001192092898,"user/angle":0.03848014771938324,"user/mode":"user","track/lap":3,"track/loc":-1}