{"cam/image_array":"2405_cam-image_array_.jpg","user/throttle":0.30000001192092898,"user/angle":0.8343402743339539,"user/mode":"user","track/lap":2,"track/loc":-1}