{"cam/image_array":"6108_cam-image_array_.jpg","user/throttle":0.30000001192092898,"user/angle":0.28167474269866946,"user/mode":"user","track/lap":5,"track/loc":-1}