{"cam/image_array":"9237_cam-image_array_.jpg","user/throttle":0.30000001192092898,"user/angle":-0.18992827832698823,"user/mode":"user","track/lap":8,"track/loc":-1}