{"cam/image_array":"9987_cam-image_array_.jpg","user/throttle":0.30000001192092898,"user/angle":-0.09981600195169449,"user/mode":"user","track/lap":8,"track/loc":-1}