{"cam/image_array":"251_cam-image_array_.jpg","user/throttle":0.30000001192092898,"user/angle":0.004442120436578989,"user/mode":"user","track/lap":1,"track/loc":-1}