{"cam/image_array":"592_cam-image_array_.jpg","user/throttle":0.30000001192092898,"user/angle":0.13648517429828645,"user/mode":"user","track/lap":1,"track/loc":-1}