{"cam/image_array":"4107_cam-image_array_.jpg","user/throttle":0.30000001192092898,"user/angle":-0.19898618757724763,"user/mode":"user","track/lap":3,"track/loc":-1}