{"cam/image_array":"4733_cam-image_array_.jpg","user/throttle":0.30000001192092898,"user/angle":0.2586643099784851,"user/mode":"user","track/lap":4,"track/loc":-1}