{"cam/image_array":"1586_cam-image_array_.jpg","user/throttle":0.30000001192092898,"user/angle":-0.18219688534736634,"user/mode":"user","track/lap":2,"track/loc":-1}