{"cam/image_array":"6916_cam-image_array_.jpg","user/throttle":0.30000001192092898,"user/angle":-0.6091398000717163,"user/mode":"user","track/lap":6,"track/loc":-1}