{"cam/image_array":"9697_cam-image_array_.jpg","user/throttle":0.30000001192092898,"user/angle":0.22838567197322846,"user/mode":"user","track/lap":8,"track/loc":-1}