{"cam/image_array":"4106_cam-image_array_.jpg","user/throttle":0.30000001192092898,"user/angle":-0.26509949564933779,"user/mode":"user","track/lap":3,"track/loc":-1}