{"cam/image_array":"6781_cam-image_array_.jpg","user/throttle":0.30000001192092898,"user/angle":-0.5679281949996948,"user/mode":"user","track/lap":6,"track/loc":-1}