{"cam/image_array":"10172_cam-image_array_.jpg","user/throttle":0.30000001192092898,"user/angle":-0.07210425287485123,"user/mode":"user","track/lap":8,"track/loc":-1}