{"cam/image_array":"121_cam-image_array_.jpg","user/throttle":0.30000001192092898,"user/angle":0.032472528517246249,"user/mode":"user","track/lap":1,"track/loc":-1}