{"cam/image_array":"8929_cam-image_array_.jpg","user/throttle":0.30000001192092898,"user/angle":-0.8605765104293823,"user/mode":"user","track/lap":7,"track/loc":-1}