{"cam/image_array":"8570_cam-image_array_.jpg","user/throttle":0.30000001192092898,"user/angle":-0.03910163417458534,"user/mode":"user","track/lap":7,"track/loc":-1}