{"cam/image_array":"9210_cam-image_array_.jpg","user/throttle":0.30000001192092898,"user/angle":-0.034703485667705539,"user/mode":"user","track/lap":8,"track/loc":-1}