{"cam/image_array":"5782_cam-image_array_.jpg","user/throttle":0.30000001192092898,"user/angle":0.15323294699192048,"user/mode":"user","track/lap":5,"track/loc":-1}