{"cam/image_array":"9732_cam-image_array_.jpg","user/throttle":0.30000001192092898,"user/angle":0.0033274232409894468,"user/mode":"user","track/lap":8,"track/loc":-1}