{"cam/image_array":"628_cam-image_array_.jpg","user/throttle":0.30000001192092898,"user/angle":-0.22805175185203553,"user/mode":"user","track/lap":1,"track/loc":-1}