{"cam/image_array":"4096_cam-image_array_.jpg","user/throttle":0.30000001192092898,"user/angle":-0.1715908646583557,"user/mode":"user","track/lap":3,"track/loc":-1}