{"cam/image_array":"10295_cam-image_array_.jpg","user/throttle":0.30000001192092898,"user/angle":-0.42599600553512576,"user/mode":"user","track/lap":8,"track/loc":-1}