{"cam/image_array":"4407_cam-image_array_.jpg","user/throttle":0.30000001192092898,"user/angle":0.6055018305778503,"user/mode":"user","track/lap":4,"track/loc":-1}