{"cam/image_array":"5573_cam-image_array_.jpg","user/throttle":0.30000001192092898,"user/angle":0.06870393455028534,"user/mode":"user","track/lap":5,"track/loc":-1}