{"cam/image_array":"137_cam-image_array_.jpg","user/throttle":0.30000001192092898,"user/angle":0.06681495159864426,"user/mode":"user","track/lap":1,"track/loc":-1}