{"cam/image_array":"9201_cam-image_array_.jpg","user/throttle":0.30000001192092898,"user/angle":-0.10177470743656159,"user/mode":"user","track/lap":8,"track/loc":-1}