{"cam/image_array":"8261_cam-image_array_.jpg","user/throttle":0.30000001192092898,"user/angle":-0.056498732417821887,"user/mode":"user","track/lap":7,"track/loc":-1}