{"cam/image_array":"9224_cam-image_array_.jpg","user/throttle":0.30000001192092898,"user/angle":0.17339634895324708,"user/mode":"user","track/lap":8,"track/loc":-1}