{"cam/image_array":"6034_cam-image_array_.jpg","user/throttle":0.30000001192092898,"user/angle":-0.13151928782463075,"user/mode":"user","track/lap":5,"track/loc":-1}