{"cam/image_array":"1144_cam-image_array_.jpg","user/throttle":0.30000001192092898,"user/angle":-0.3248586654663086,"user/mode":"user","track/lap":1,"track/loc":-1}