{"cam/image_array":"9101_cam-image_array_.jpg","user/throttle":0.30000001192092898,"user/angle":0.038293253630399707,"user/mode":"user","track/lap":7,"track/loc":-1}