{"cam/image_array":"2822_cam-image_array_.jpg","user/throttle":0.30000001192092898,"user/angle":-0.21265949308872224,"user/mode":"user","track/lap":2,"track/loc":-1}