{"cam/image_array":"10156_cam-image_array_.jpg","user/throttle":0.30000001192092898,"user/angle":0.09296173602342606,"user/mode":"user","track/lap":8,"track/loc":-1}