{"cam/image_array":"507_cam-image_array_.jpg","user/throttle":0.30000001192092898,"user/angle":-0.46267369389533999,"user/mode":"user","track/lap":1,"track/loc":-1}