{"cam/image_array":"3143_cam-image_array_.jpg","user/throttle":0.30000001192092898,"user/angle":-0.0973602756857872,"user/mode":"user","track/lap":3,"track/loc":-1}