{"cam/image_array":"2934_cam-image_array_.jpg","user/throttle":0.30000001192092898,"user/angle":-0.21763791143894196,"user/mode":"user","track/lap":3,"track/loc":-1}