{"cam/image_array":"4037_cam-image_array_.jpg","user/throttle":0.30000001192092898,"user/angle":0.11777476221323013,"user/mode":"user","track/lap":3,"track/loc":-1}