{"cam/image_array":"10272_cam-image_array_.jpg","user/throttle":0.30000001192092898,"user/angle":-0.3416845202445984,"user/mode":"user","track/lap":8,"track/loc":-1}