{"cam/image_array":"1346_cam-image_array_.jpg","user/throttle":0.30000001192092898,"user/angle":-0.05863385275006294,"user/mode":"user","track/lap":1,"track/loc":-1}