{"cam/image_array":"4474_cam-image_array_.jpg","user/throttle":0.30000001192092898,"user/angle":-0.0699993371963501,"user/mode":"user","track/lap":4,"track/loc":-1}