{"cam/image_array":"5323_cam-image_array_.jpg","user/throttle":0.30000001192092898,"user/angle":-0.047028589993715289,"user/mode":"user","track/lap":4,"track/loc":-1}