{"cam/image_array":"6321_cam-image_array_.jpg","user/throttle":0.30000001192092898,"user/angle":0.037539757788181308,"user/mode":"user","track/lap":5,"track/loc":-1}