{"cam/image_array":"6102_cam-image_array_.jpg","user/throttle":0.30000001192092898,"user/angle":0.03077777661383152,"user/mode":"user","track/lap":5,"track/loc":-1}