{"cam/image_array":"2891_cam-image_array_.jpg","user/throttle":0.30000001192092898,"user/angle":-0.3237653970718384,"user/mode":"user","track/lap":3,"track/loc":-1}