{"cam/image_array":"2471_cam-image_array_.jpg","user/throttle":0.30000001192092898,"user/angle":-0.1782596856355667,"user/mode":"user","track/lap":2,"track/loc":-1}