{"cam/image_array":"8606_cam-image_array_.jpg","user/throttle":0.30000001192092898,"user/angle":0.0599740669131279,"user/mode":"user","track/lap":7,"track/loc":-1}