{"cam/image_array":"1148_cam-image_array_.jpg","user/throttle":0.30000001192092898,"user/angle":0.4914497137069702,"user/mode":"user","track/lap":1,"track/loc":-1}