{"cam/image_array":"6721_cam-image_array_.jpg","user/throttle":0.30000001192092898,"user/angle":0.4001912772655487,"user/mode":"user","track/lap":6,"track/loc":-1}