{"cam/image_array":"8957_cam-image_array_.jpg","user/throttle":0.30000001192092898,"user/angle":-0.0003608705010265112,"user/mode":"user","track/lap":7,"track/loc":-1}