{"cam/image_array":"8923_cam-image_array_.jpg","user/throttle":0.30000001192092898,"user/angle":0.5002801418304443,"user/mode":"user","track/lap":7,"track/loc":-1}