{"cam/image_array":"130_cam-image_array_.jpg","user/throttle":0.30000001192092898,"user/angle":0.058508314192295077,"user/mode":"user","track/lap":1,"track/loc":-1}