{"cam/image_array":"6131_cam-image_array_.jpg","user/throttle":0.30000001192092898,"user/angle":0.24473132193088532,"user/mode":"user","track/lap":5,"track/loc":-1}