{"cam/image_array":"10009_cam-image_array_.jpg","user/throttle":0.30000001192092898,"user/angle":0.13565266132354737,"user/mode":"user","track/lap":8,"track/loc":-1}