{"cam/image_array":"8744_cam-image_array_.jpg","user/throttle":0.30000001192092898,"user/angle":0.4962838292121887,"user/mode":"user","track/lap":7,"track/loc":-1}