{"cam/image_array":"2224_cam-image_array_.jpg","user/throttle":0.30000001192092898,"user/angle":0.09582392871379852,"user/mode":"user","track/lap":2,"track/loc":-1}