{"cam/image_array":"3577_cam-image_array_.jpg","user/throttle":0.30000001192092898,"user/angle":-0.16484375298023225,"user/mode":"user","track/lap":3,"track/loc":-1}