{"cam/image_array":"8053_cam-image_array_.jpg","user/throttle":0.30000001192092898,"user/angle":-0.8295677900314331,"user/mode":"user","track/lap":7,"track/loc":-1}