{"cam/image_array":"2772_cam-image_array_.jpg","user/throttle":0.30000001192092898,"user/angle":0.4259541630744934,"user/mode":"user","track/lap":2,"track/loc":-1}