{"cam/image_array":"2946_cam-image_array_.jpg","user/throttle":0.30000001192092898,"user/angle":-0.18447986245155335,"user/mode":"user","track/lap":3,"track/loc":-1}