{"cam/image_array":"6601_cam-image_array_.jpg","user/throttle":0.30000001192092898,"user/angle":-0.8774896264076233,"user/mode":"user","track/lap":5,"track/loc":-1}