{"cam/image_array":"10114_cam-image_array_.jpg","user/throttle":0.30000001192092898,"user/angle":0.1474177986383438,"user/mode":"user","track/lap":8,"track/loc":-1}