{"cam/image_array":"499_cam-image_array_.jpg","user/throttle":0.30000001192092898,"user/angle":0.12931786477565766,"user/mode":"user","track/lap":1,"track/loc":-1}