{"cam/image_array":"1156_cam-image_array_.jpg","user/throttle":0.30000001192092898,"user/angle":0.5694066286087036,"user/mode":"user","track/lap":1,"track/loc":-1}