{"cam/image_array":"1398_cam-image_array_.jpg","user/throttle":0.30000001192092898,"user/angle":-0.24092446267604829,"user/mode":"user","track/lap":1,"track/loc":-1}