{"cam/image_array":"6807_cam-image_array_.jpg","user/throttle":0.30000001192092898,"user/angle":-0.8745479583740234,"user/mode":"user","track/lap":6,"track/loc":-1}