{"cam/image_array":"5953_cam-image_array_.jpg","user/throttle":0.30000001192092898,"user/angle":0.9099315404891968,"user/mode":"user","track/lap":5,"track/loc":-1}