{"cam/image_array":"5759_cam-image_array_.jpg","user/throttle":0.30000001192092898,"user/angle":-0.05435388162732124,"user/mode":"user","track/lap":5,"track/loc":-1}