{"cam/image_array":"1021_cam-image_array_.jpg","user/throttle":0.30000001192092898,"user/angle":0.10584114491939545,"user/mode":"user","track/lap":1,"track/loc":-1}