{"cam/image_array":"881_cam-image_array_.jpg","user/throttle":0.30000001192092898,"user/angle":-0.08613782376050949,"user/mode":"user","track/lap":1,"track/loc":-1}