{"cam/image_array":"6613_cam-image_array_.jpg","user/throttle":0.30000001192092898,"user/angle":-0.34180665016174319,"user/mode":"user","track/lap":5,"track/loc":-1}