{"cam/image_array":"9066_cam-image_array_.jpg","user/throttle":0.30000001192092898,"user/angle":0.3101646900177002,"user/mode":"user","track/lap":7,"track/loc":-1}