{"cam/image_array":"9034_cam-image_array_.jpg","user/throttle":0.30000001192092898,"user/angle":-0.3926526606082916,"user/mode":"user","track/lap":7,"track/loc":-1}