{"cam/image_array":"311_cam-image_array_.jpg","user/throttle":0.30000001192092898,"user/angle":-0.015657169744372369,"user/mode":"user","track/lap":1,"track/loc":-1}