{"cam/image_array":"203_cam-image_array_.jpg","user/throttle":0.30000001192092898,"user/angle":0.013023577630519867,"user/mode":"user","track/lap":1,"track/loc":-1}