{"cam/image_array":"1582_cam-image_array_.jpg","user/throttle":0.30000001192092898,"user/angle":-0.2817583382129669,"user/mode":"user","track/lap":2,"track/loc":-1}