{"cam/image_array":"3136_cam-image_array_.jpg","user/throttle":0.30000001192092898,"user/angle":-0.20720189809799195,"user/mode":"user","track/lap":3,"track/loc":-1}