{"cam/image_array":"204_cam-image_array_.jpg","user/throttle":0.30000001192092898,"user/angle":0.0035604615695774557,"user/mode":"user","track/lap":1,"track/loc":-1}