{"cam/image_array":"1595_cam-image_array_.jpg","user/throttle":0.30000001192092898,"user/angle":-0.0014436052879318596,"user/mode":"user","track/lap":2,"track/loc":-1}