{"cam/image_array":"1643_cam-image_array_.jpg","user/throttle":0.30000001192092898,"user/angle":-0.11651155352592468,"user/mode":"user","track/lap":2,"track/loc":-1}