{"cam/image_array":"7528_cam-image_array_.jpg","user/throttle":0.30000001192092898,"user/angle":-0.003590355860069394,"user/mode":"user","track/lap":6,"track/loc":-1}