{"cam/image_array":"6834_cam-image_array_.jpg","user/throttle":0.30000001192092898,"user/angle":0.7077710032463074,"user/mode":"user","track/lap":6,"track/loc":-1}