{"cam/image_array":"5360_cam-image_array_.jpg","user/throttle":0.30000001192092898,"user/angle":-0.43022534251213076,"user/mode":"user","track/lap":4,"track/loc":-1}