{"cam/image_array":"595_cam-image_array_.jpg","user/throttle":0.30000001192092898,"user/angle":-0.35752129554748537,"user/mode":"user","track/lap":1,"track/loc":-1}