{"cam/image_array":"7615_cam-image_array_.jpg","user/throttle":0.30000001192092898,"user/angle":-0.19140192866325379,"user/mode":"user","track/lap":6,"track/loc":-1}