{"cam/image_array":"326_cam-image_array_.jpg","user/throttle":0.30000001192092898,"user/angle":0.0018929900834336877,"user/mode":"user","track/lap":1,"track/loc":-1}