{"cam/image_array":"4041_cam-image_array_.jpg","user/throttle":0.30000001192092898,"user/angle":0.42421236634254458,"user/mode":"user","track/lap":3,"track/loc":-1}