{"cam/image_array":"1538_cam-image_array_.jpg","user/throttle":0.30000001192092898,"user/angle":-0.39740774035453799,"user/mode":"user","track/lap":1,"track/loc":-1}