{"cam/image_array":"4441_cam-image_array_.jpg","user/throttle":0.30000001192092898,"user/angle":0.36278775334358218,"user/mode":"user","track/lap":4,"track/loc":-1}