{"cam/image_array":"10212_cam-image_array_.jpg","user/throttle":0.30000001192092898,"user/angle":-0.4675197899341583,"user/mode":"user","track/lap":8,"track/loc":-1}