{"cam/image_array":"7989_cam-image_array_.jpg","user/throttle":0.30000001192092898,"user/angle":-0.5076058506965637,"user/mode":"user","track/lap":7,"track/loc":-1}