{"cam/image_array":"4590_cam-image_array_.jpg","user/throttle":0.30000001192092898,"user/angle":0.0010105138644576073,"user/mode":"user","track/lap":4,"track/loc":-1}