{"cam/image_array":"998_cam-image_array_.jpg","user/throttle":0.30000001192092898,"user/angle":-0.12948551774024964,"user/mode":"user","track/lap":1,"track/loc":-1}