{"cam/image_array":"9602_cam-image_array_.jpg","user/throttle":0.30000001192092898,"user/angle":-0.04147917032241821,"user/mode":"user","track/lap":8,"track/loc":-1}