{"cam/image_array":"9089_cam-image_array_.jpg","user/throttle":0.30000001192092898,"user/angle":0.2341712862253189,"user/mode":"user","track/lap":7,"track/loc":-1}