{"cam/image_array":"5780_cam-image_array_.jpg","user/throttle":0.30000001192092898,"user/angle":0.03665228188037872,"user/mode":"user","track/lap":5,"track/loc":-1}