{"cam/image_array":"1047_cam-image_array_.jpg","user/throttle":0.30000001192092898,"user/angle":-0.4709721803665161,"user/mode":"user","track/lap":1,"track/loc":-1}