{"cam/image_array":"1160_cam-image_array_.jpg","user/throttle":0.30000001192092898,"user/angle":0.09293591231107712,"user/mode":"user","track/lap":1,"track/loc":-1}