{"cam/image_array":"564_cam-image_array_.jpg","user/throttle":0.30000001192092898,"user/angle":0.14830811321735383,"user/mode":"user","track/lap":1,"track/loc":-1}