{"cam/image_array":"4116_cam-image_array_.jpg","user/throttle":0.30000001192092898,"user/angle":0.3224281072616577,"user/mode":"user","track/lap":3,"track/loc":-1}