{"cam/image_array":"5404_cam-image_array_.jpg","user/throttle":0.30000001192092898,"user/angle":-0.2358626276254654,"user/mode":"user","track/lap":4,"track/loc":-1}