{"cam/image_array":"1363_cam-image_array_.jpg","user/throttle":0.30000001192092898,"user/angle":0.38559475541114809,"user/mode":"user","track/lap":1,"track/loc":-1}