{"cam/image_array":"9149_cam-image_array_.jpg","user/throttle":0.30000001192092898,"user/angle":-0.7622933983802795,"user/mode":"user","track/lap":8,"track/loc":-1}