{"cam/image_array":"161_cam-image_array_.jpg","user/throttle":0.30000001192092898,"user/angle":-0.00023834413150325418,"user/mode":"user","track/lap":1,"track/loc":-1}