{"cam/image_array":"316_cam-image_array_.jpg","user/throttle":0.30000001192092898,"user/angle":0.00034774414962157607,"user/mode":"user","track/lap":1,"track/loc":-1}