{"cam/image_array":"1421_cam-image_array_.jpg","user/throttle":0.30000001192092898,"user/angle":0.1846880316734314,"user/mode":"user","track/lap":1,"track/loc":-1}