{"cam/image_array":"868_cam-image_array_.jpg","user/throttle":0.30000001192092898,"user/angle":0.07851338386535645,"user/mode":"user","track/lap":1,"track/loc":-1}