{"cam/image_array":"5941_cam-image_array_.jpg","user/throttle":0.30000001192092898,"user/angle":0.6596904397010803,"user/mode":"user","track/lap":5,"track/loc":-1}