{"cam/image_array":"4867_cam-image_array_.jpg","user/throttle":0.30000001192092898,"user/angle":0.21793927252292634,"user/mode":"user","track/lap":4,"track/loc":-1}