{"cam/image_array":"8794_cam-image_array_.jpg","user/throttle":0.30000001192092898,"user/angle":-0.12252521514892578,"user/mode":"user","track/lap":7,"track/loc":-1}