{"cam/image_array":"5118_cam-image_array_.jpg","user/throttle":0.30000001192092898,"user/angle":-0.24799762666225434,"user/mode":"user","track/lap":4,"track/loc":-1}