{"cam/image_array":"887_cam-image_array_.jpg","user/throttle":0.30000001192092898,"user/angle":-0.30272963643074038,"user/mode":"user","track/lap":1,"track/loc":-1}