{"cam/image_array":"8507_cam-image_array_.jpg","user/throttle":0.30000001192092898,"user/angle":-0.2945709526538849,"user/mode":"user","track/lap":7,"track/loc":-1}