{"cam/image_array":"5293_cam-image_array_.jpg","user/throttle":0.30000001192092898,"user/angle":-0.21701443195343018,"user/mode":"user","track/lap":4,"track/loc":-1}