{"cam/image_array":"7845_cam-image_array_.jpg","user/throttle":0.30000001192092898,"user/angle":0.2895394563674927,"user/mode":"user","track/lap":6,"track/loc":-1}