{"cam/image_array":"307_cam-image_array_.jpg","user/throttle":0.30000001192092898,"user/angle":-0.0008705052314326167,"user/mode":"user","track/lap":1,"track/loc":-1}