{"cam/image_array":"230_cam-image_array_.jpg","user/throttle":0.30000001192092898,"user/angle":-0.034401487559080127,"user/mode":"user","track/lap":1,"track/loc":-1}