{"cam/image_array":"762_cam-image_array_.jpg","user/throttle":0.30000001192092898,"user/angle":-0.15360164642333985,"user/mode":"user","track/lap":1,"track/loc":-1}