{"cam/image_array":"394_cam-image_array_.jpg","user/throttle":0.30000001192092898,"user/angle":0.16405317187309266,"user/mode":"user","track/lap":1,"track/loc":-1}