{"cam/image_array":"319_cam-image_array_.jpg","user/throttle":0.30000001192092898,"user/angle":0.0012033159146085382,"user/mode":"user","track/lap":1,"track/loc":-1}