{"cam/image_array":"283_cam-image_array_.jpg","user/throttle":0.30000001192092898,"user/angle":0.004194565583020449,"user/mode":"user","track/lap":1,"track/loc":-1}