{"cam/image_array":"574_cam-image_array_.jpg","user/throttle":0.30000001192092898,"user/angle":0.12741653621196748,"user/mode":"user","track/lap":1,"track/loc":-1}