{"cam/image_array":"127_cam-image_array_.jpg","user/throttle":0.30000001192092898,"user/angle":0.06084497272968292,"user/mode":"user","track/lap":1,"track/loc":-1}