{"cam/image_array":"6032_cam-image_array_.jpg","user/throttle":0.30000001192092898,"user/angle":0.9493975043296814,"user/mode":"user","track/lap":5,"track/loc":-1}