{"cam/image_array":"8999_cam-image_array_.jpg","user/throttle":0.30000001192092898,"user/angle":-0.7274332046508789,"user/mode":"user","track/lap":7,"track/loc":-1}