{"cam/image_array":"5282_cam-image_array_.jpg","user/throttle":0.30000001192092898,"user/angle":-0.14396770298480988,"user/mode":"user","track/lap":4,"track/loc":-1}