{"cam/image_array":"7491_cam-image_array_.jpg","user/throttle":0.30000001192092898,"user/angle":-0.6601846218109131,"user/mode":"user","track/lap":6,"track/loc":-1}