{"cam/image_array":"10395_cam-image_array_.jpg","user/throttle":0.30000001192092898,"user/angle":-0.6006690263748169,"user/mode":"user","track/lap":9,"track/loc":-1}