{"cam/image_array":"5874_cam-image_array_.jpg","user/throttle":0.30000001192092898,"user/angle":0.6990605592727661,"user/mode":"user","track/lap":5,"track/loc":-1}