{"cam/image_array":"7530_cam-image_array_.jpg","user/throttle":0.30000001192092898,"user/angle":-0.36860427260398867,"user/mode":"user","track/lap":6,"track/loc":-1}