{"cam/image_array":"2869_cam-image_array_.jpg","user/throttle":0.30000001192092898,"user/angle":0.2728308439254761,"user/mode":"user","track/lap":3,"track/loc":-1}