{"cam/image_array":"1881_cam-image_array_.jpg","user/throttle":0.30000001192092898,"user/angle":-0.09684387594461441,"user/mode":"user","track/lap":2,"track/loc":-1}