{"cam/image_array":"1587_cam-image_array_.jpg","user/throttle":0.30000001192092898,"user/angle":-0.3905874788761139,"user/mode":"user","track/lap":2,"track/loc":-1}