{"cam/image_array":"2468_cam-image_array_.jpg","user/throttle":0.30000001192092898,"user/angle":-0.11723536252975464,"user/mode":"user","track/lap":2,"track/loc":-1}