{"cam/image_array":"152_cam-image_array_.jpg","user/throttle":0.30000001192092898,"user/angle":-0.07324063032865524,"user/mode":"user","track/lap":1,"track/loc":-1}