{"cam/image_array":"2683_cam-image_array_.jpg","user/throttle":0.30000001192092898,"user/angle":-0.20375381410121919,"user/mode":"user","track/lap":2,"track/loc":-1}