{"cam/image_array":"2111_cam-image_array_.jpg","user/throttle":0.30000001192092898,"user/angle":0.14189501106739045,"user/mode":"user","track/lap":2,"track/loc":-1}