{"cam/image_array":"7976_cam-image_array_.jpg","user/throttle":0.30000001192092898,"user/angle":-0.004007726442068815,"user/mode":"user","track/lap":6,"track/loc":-1}