{"cam/image_array":"148_cam-image_array_.jpg","user/throttle":0.30000001192092898,"user/angle":0.051373399794101718,"user/mode":"user","track/lap":1,"track/loc":-1}