{"cam/image_array":"9035_cam-image_array_.jpg","user/throttle":0.30000001192092898,"user/angle":-0.6196640729904175,"user/mode":"user","track/lap":7,"track/loc":-1}