{"cam/image_array":"1183_cam-image_array_.jpg","user/throttle":0.30000001192092898,"user/angle":0.4751012623310089,"user/mode":"user","track/lap":1,"track/loc":-1}