{"cam/image_array":"8787_cam-image_array_.jpg","user/throttle":0.30000001192092898,"user/angle":0.6240138411521912,"user/mode":"user","track/lap":7,"track/loc":-1}