{"cam/image_array":"295_cam-image_array_.jpg","user/throttle":0.30000001192092898,"user/angle":-0.02133648283779621,"user/mode":"user","track/lap":1,"track/loc":-1}