{"cam/image_array":"3777_cam-image_array_.jpg","user/throttle":0.30000001192092898,"user/angle":0.21794074773788453,"user/mode":"user","track/lap":3,"track/loc":-1}