{"cam/image_array":"1903_cam-image_array_.jpg","user/throttle":0.30000001192092898,"user/angle":0.3763059675693512,"user/mode":"user","track/lap":2,"track/loc":-1}