{"cam/image_array":"1816_cam-image_array_.jpg","user/throttle":0.30000001192092898,"user/angle":0.3662612736225128,"user/mode":"user","track/lap":2,"track/loc":-1}