{"cam/image_array":"6538_cam-image_array_.jpg","user/throttle":0.30000001192092898,"user/angle":-0.12631171941757203,"user/mode":"user","track/lap":5,"track/loc":-1}