{"cam/image_array":"3371_cam-image_array_.jpg","user/throttle":0.30000001192092898,"user/angle":-0.43438461422920229,"user/mode":"user","track/lap":3,"track/loc":-1}