{"cam/image_array":"2796_cam-image_array_.jpg","user/throttle":0.30000001192092898,"user/angle":-0.010965093038976193,"user/mode":"user","track/lap":2,"track/loc":-1}