{"cam/image_array":"4086_cam-image_array_.jpg","user/throttle":0.30000001192092898,"user/angle":-0.23673692345619203,"user/mode":"user","track/lap":3,"track/loc":-1}