{"cam/image_array":"8823_cam-image_array_.jpg","user/throttle":0.30000001192092898,"user/angle":-0.4328022599220276,"user/mode":"user","track/lap":7,"track/loc":-1}