{"cam/image_array":"4822_cam-image_array_.jpg","user/throttle":0.30000001192092898,"user/angle":0.10138268023729325,"user/mode":"user","track/lap":4,"track/loc":-1}