{"cam/image_array":"1261_cam-image_array_.jpg","user/throttle":0.30000001192092898,"user/angle":-0.7652317881584168,"user/mode":"user","track/lap":1,"track/loc":-1}