{"cam/image_array":"8781_cam-image_array_.jpg","user/throttle":0.30000001192092898,"user/angle":-0.27316877245903017,"user/mode":"user","track/lap":7,"track/loc":-1}