{"cam/image_array":"3957_cam-image_array_.jpg","user/throttle":0.30000001192092898,"user/angle":0.43399161100387576,"user/mode":"user","track/lap":3,"track/loc":-1}