{"cam/image_array":"8401_cam-image_array_.jpg","user/throttle":0.30000001192092898,"user/angle":0.3613034784793854,"user/mode":"user","track/lap":7,"track/loc":-1}