{"cam/image_array":"1005_cam-image_array_.jpg","user/throttle":0.30000001192092898,"user/angle":-0.04310278967022896,"user/mode":"user","track/lap":1,"track/loc":-1}