{"cam/image_array":"8288_cam-image_array_.jpg","user/throttle":0.30000001192092898,"user/angle":-0.9889286160469055,"user/mode":"user","track/lap":7,"track/loc":-1}