{"cam/image_array":"6993_cam-image_array_.jpg","user/throttle":0.30000001192092898,"user/angle":-0.3967248499393463,"user/mode":"user","track/lap":6,"track/loc":-1}