{"cam/image_array":"4049_cam-image_array_.jpg","user/throttle":0.30000001192092898,"user/angle":0.03092985786497593,"user/mode":"user","track/lap":3,"track/loc":-1}