{"cam/image_array":"768_cam-image_array_.jpg","user/throttle":0.30000001192092898,"user/angle":0.007230352144688368,"user/mode":"user","track/lap":1,"track/loc":-1}