{"cam/image_array":"6298_cam-image_array_.jpg","user/throttle":0.30000001192092898,"user/angle":0.011205440387129784,"user/mode":"user","track/lap":5,"track/loc":-1}