{"cam/image_array":"2423_cam-image_array_.jpg","user/throttle":0.30000001192092898,"user/angle":-0.045528706163167956,"user/mode":"user","track/lap":2,"track/loc":-1}