{"cam/image_array":"770_cam-image_array_.jpg","user/throttle":0.30000001192092898,"user/angle":-0.23477929830551148,"user/mode":"user","track/lap":1,"track/loc":-1}