{"cam/image_array":"9603_cam-image_array_.jpg","user/throttle":0.30000001192092898,"user/angle":-0.5119031667709351,"user/mode":"user","track/lap":8,"track/loc":-1}