{"cam/image_array":"9118_cam-image_array_.jpg","user/throttle":0.30000001192092898,"user/angle":0.0568087063729763,"user/mode":"user","track/lap":7,"track/loc":-1}