{"cam/image_array":"4758_cam-image_array_.jpg","user/throttle":0.30000001192092898,"user/angle":0.18767963349819184,"user/mode":"user","track/lap":4,"track/loc":-1}