{"cam/image_array":"10120_cam-image_array_.jpg","user/throttle":0.30000001192092898,"user/angle":-0.13598904013633729,"user/mode":"user","track/lap":8,"track/loc":-1}