{"cam/image_array":"9064_cam-image_array_.jpg","user/throttle":0.30000001192092898,"user/angle":-0.05947563052177429,"user/mode":"user","track/lap":7,"track/loc":-1}