{"cam/image_array":"8015_cam-image_array_.jpg","user/throttle":0.30000001192092898,"user/angle":0.12414885312318802,"user/mode":"user","track/lap":7,"track/loc":-1}