{"cam/image_array":"5605_cam-image_array_.jpg","user/throttle":0.30000001192092898,"user/angle":0.02088022418320179,"user/mode":"user","track/lap":5,"track/loc":-1}