{"cam/image_array":"1345_cam-image_array_.jpg","user/throttle":0.30000001192092898,"user/angle":-0.5928471088409424,"user/mode":"user","track/lap":1,"track/loc":-1}