{"cam/image_array":"240_cam-image_array_.jpg","user/throttle":0.30000001192092898,"user/angle":0.0014330059057101608,"user/mode":"user","track/lap":1,"track/loc":-1}