{"cam/image_array":"3961_cam-image_array_.jpg","user/throttle":0.30000001192092898,"user/angle":0.3765109181404114,"user/mode":"user","track/lap":3,"track/loc":-1}