{"cam/image_array":"5784_cam-image_array_.jpg","user/throttle":0.30000001192092898,"user/angle":-0.02147553861141205,"user/mode":"user","track/lap":5,"track/loc":-1}