{"cam/image_array":"5109_cam-image_array_.jpg","user/throttle":0.30000001192092898,"user/angle":0.15623170137405396,"user/mode":"user","track/lap":4,"track/loc":-1}