{"cam/image_array":"1330_cam-image_array_.jpg","user/throttle":0.30000001192092898,"user/angle":0.6650957465171814,"user/mode":"user","track/lap":1,"track/loc":-1}