{"cam/image_array":"2124_cam-image_array_.jpg","user/throttle":0.30000001192092898,"user/angle":-0.13096286356449128,"user/mode":"user","track/lap":2,"track/loc":-1}