{"cam/image_array":"978_cam-image_array_.jpg","user/throttle":0.30000001192092898,"user/angle":0.19323357939720155,"user/mode":"user","track/lap":1,"track/loc":-1}