{"cam/image_array":"1901_cam-image_array_.jpg","user/throttle":0.30000001192092898,"user/angle":-0.009169347584247589,"user/mode":"user","track/lap":2,"track/loc":-1}