{"cam/image_array":"9975_cam-image_array_.jpg","user/throttle":0.30000001192092898,"user/angle":-0.02917151339352131,"user/mode":"user","track/lap":8,"track/loc":-1}