{"cam/image_array":"220_cam-image_array_.jpg","user/throttle":0.30000001192092898,"user/angle":0.009412272833287716,"user/mode":"user","track/lap":1,"track/loc":-1}