{"cam/image_array":"1388_cam-image_array_.jpg","user/throttle":0.30000001192092898,"user/angle":0.01564248465001583,"user/mode":"user","track/lap":1,"track/loc":-1}