{"cam/image_array":"6959_cam-image_array_.jpg","user/throttle":0.30000001192092898,"user/angle":-0.0011319739278405905,"user/mode":"user","track/lap":6,"track/loc":-1}