{"cam/image_array":"4583_cam-image_array_.jpg","user/throttle":0.30000001192092898,"user/angle":0.3426358103752136,"user/mode":"user","track/lap":4,"track/loc":-1}