{"cam/image_array":"329_cam-image_array_.jpg","user/throttle":0.30000001192092898,"user/angle":0.0015114002162590623,"user/mode":"user","track/lap":1,"track/loc":-1}