{"cam/image_array":"6651_cam-image_array_.jpg","user/throttle":0.30000001192092898,"user/angle":0.006620785221457481,"user/mode":"user","track/lap":5,"track/loc":-1}