{"cam/image_array":"6441_cam-image_array_.jpg","user/throttle":0.30000001192092898,"user/angle":0.7252880930900574,"user/mode":"user","track/lap":5,"track/loc":-1}