{"cam/image_array":"773_cam-image_array_.jpg","user/throttle":0.30000001192092898,"user/angle":-0.46247971057891848,"user/mode":"user","track/lap":1,"track/loc":-1}