{"cam/image_array":"5444_cam-image_array_.jpg","user/throttle":0.30000001192092898,"user/angle":0.11419782042503357,"user/mode":"user","track/lap":4,"track/loc":-1}