{"cam/image_array":"2809_cam-image_array_.jpg","user/throttle":0.30000001192092898,"user/angle":-0.45685744285583498,"user/mode":"user","track/lap":2,"track/loc":-1}