{"cam/image_array":"9028_cam-image_array_.jpg","user/throttle":0.30000001192092898,"user/angle":-0.6598694920539856,"user/mode":"user","track/lap":7,"track/loc":-1}