{"cam/image_array":"8115_cam-image_array_.jpg","user/throttle":0.30000001192092898,"user/angle":0.31776490807533266,"user/mode":"user","track/lap":7,"track/loc":-1}