{"cam/image_array":"9622_cam-image_array_.jpg","user/throttle":0.30000001192092898,"user/angle":0.7419785261154175,"user/mode":"user","track/lap":8,"track/loc":-1}