{"cam/image_array":"3580_cam-image_array_.jpg","user/throttle":0.30000001192092898,"user/angle":0.18626289069652558,"user/mode":"user","track/lap":3,"track/loc":-1}