{"cam/image_array":"2732_cam-image_array_.jpg","user/throttle":0.30000001192092898,"user/angle":0.020974120125174524,"user/mode":"user","track/lap":2,"track/loc":-1}