{"cam/image_array":"4481_cam-image_array_.jpg","user/throttle":0.30000001192092898,"user/angle":-0.11295939236879349,"user/mode":"user","track/lap":4,"track/loc":-1}