{"cam/image_array":"9957_cam-image_array_.jpg","user/throttle":0.30000001192092898,"user/angle":-0.4045320451259613,"user/mode":"user","track/lap":8,"track/loc":-1}