{"cam/image_array":"1067_cam-image_array_.jpg","user/throttle":0.30000001192092898,"user/angle":0.35175666213035586,"user/mode":"user","track/lap":1,"track/loc":-1}