{"cam/image_array":"5783_cam-image_array_.jpg","user/throttle":0.30000001192092898,"user/angle":-0.009500380605459214,"user/mode":"user","track/lap":5,"track/loc":-1}