{"cam/image_array":"8891_cam-image_array_.jpg","user/throttle":0.30000001192092898,"user/angle":-0.23545430600643159,"user/mode":"user","track/lap":7,"track/loc":-1}