{"cam/image_array":"6614_cam-image_array_.jpg","user/throttle":0.30000001192092898,"user/angle":-0.2280970960855484,"user/mode":"user","track/lap":5,"track/loc":-1}