{"cam/image_array":"3924_cam-image_array_.jpg","user/throttle":0.30000001192092898,"user/angle":-0.3654594421386719,"user/mode":"user","track/lap":3,"track/loc":-1}