{"cam/image_array":"1390_cam-image_array_.jpg","user/throttle":0.30000001192092898,"user/angle":-0.12938296794891358,"user/mode":"user","track/lap":1,"track/loc":-1}