{"cam/image_array":"2956_cam-image_array_.jpg","user/throttle":0.30000001192092898,"user/angle":0.32901617884635928,"user/mode":"user","track/lap":3,"track/loc":-1}