{"cam/image_array":"1229_cam-image_array_.jpg","user/throttle":0.30000001192092898,"user/angle":0.06086216866970062,"user/mode":"user","track/lap":1,"track/loc":-1}