{"cam/image_array":"1960_cam-image_array_.jpg","user/throttle":0.30000001192092898,"user/angle":0.1990540623664856,"user/mode":"user","track/lap":2,"track/loc":-1}