{"cam/image_array":"2485_cam-image_array_.jpg","user/throttle":0.30000001192092898,"user/angle":0.008732578717172146,"user/mode":"user","track/lap":2,"track/loc":-1}