{"cam/image_array":"5497_cam-image_array_.jpg","user/throttle":0.30000001192092898,"user/angle":-0.13079771399497987,"user/mode":"user","track/lap":5,"track/loc":-1}