{"cam/image_array":"2766_cam-image_array_.jpg","user/throttle":0.30000001192092898,"user/angle":-0.039327483624219897,"user/mode":"user","track/lap":2,"track/loc":-1}