{"cam/image_array":"2632_cam-image_array_.jpg","user/throttle":0.30000001192092898,"user/angle":0.7761574983596802,"user/mode":"user","track/lap":2,"track/loc":-1}