{"cam/image_array":"9642_cam-image_array_.jpg","user/throttle":0.30000001192092898,"user/angle":-0.3178784251213074,"user/mode":"user","track/lap":8,"track/loc":-1}