{"cam/image_array":"1845_cam-image_array_.jpg","user/throttle":0.30000001192092898,"user/angle":0.03465883806347847,"user/mode":"user","track/lap":2,"track/loc":-1}