{"cam/image_array":"588_cam-image_array_.jpg","user/throttle":0.30000001192092898,"user/angle":0.18256543576717378,"user/mode":"user","track/lap":1,"track/loc":-1}