{"cam/image_array":"9110_cam-image_array_.jpg","user/throttle":0.30000001192092898,"user/angle":0.2610320448875427,"user/mode":"user","track/lap":7,"track/loc":-1}