{"cam/image_array":"7844_cam-image_array_.jpg","user/throttle":0.30000001192092898,"user/angle":0.05614877864718437,"user/mode":"user","track/lap":6,"track/loc":-1}