{"cam/image_array":"9567_cam-image_array_.jpg","user/throttle":0.30000001192092898,"user/angle":-0.6763012409210205,"user/mode":"user","track/lap":8,"track/loc":-1}