{"cam/image_array":"5950_cam-image_array_.jpg","user/throttle":0.30000001192092898,"user/angle":-0.41557490825653078,"user/mode":"user","track/lap":5,"track/loc":-1}