{"cam/image_array":"4065_cam-image_array_.jpg","user/throttle":0.30000001192092898,"user/angle":-0.1636393815279007,"user/mode":"user","track/lap":3,"track/loc":-1}