{"cam/image_array":"6544_cam-image_array_.jpg","user/throttle":0.30000001192092898,"user/angle":0.07326360791921616,"user/mode":"user","track/lap":5,"track/loc":-1}