{"cam/image_array":"3535_cam-image_array_.jpg","user/throttle":0.30000001192092898,"user/angle":-0.03600494563579559,"user/mode":"user","track/lap":3,"track/loc":-1}