{"cam/image_array":"3177_cam-image_array_.jpg","user/throttle":0.30000001192092898,"user/angle":0.39671772718429568,"user/mode":"user","track/lap":3,"track/loc":-1}