{"cam/image_array":"764_cam-image_array_.jpg","user/throttle":0.30000001192092898,"user/angle":-0.026384536176919938,"user/mode":"user","track/lap":1,"track/loc":-1}