{"cam/image_array":"1193_cam-image_array_.jpg","user/throttle":0.30000001192092898,"user/angle":-0.3097931146621704,"user/mode":"user","track/lap":1,"track/loc":-1}