{"cam/image_array":"8947_cam-image_array_.jpg","user/throttle":0.30000001192092898,"user/angle":-0.17643269896507264,"user/mode":"user","track/lap":7,"track/loc":-1}