{"cam/image_array":"2937_cam-image_array_.jpg","user/throttle":0.30000001192092898,"user/angle":-0.8533117771148682,"user/mode":"user","track/lap":3,"track/loc":-1}