{"cam/image_array":"3145_cam-image_array_.jpg","user/throttle":0.30000001192092898,"user/angle":-0.24056799709796906,"user/mode":"user","track/lap":3,"track/loc":-1}