{"cam/image_array":"5708_cam-image_array_.jpg","user/throttle":0.30000001192092898,"user/angle":0.0512850284576416,"user/mode":"user","track/lap":5,"track/loc":-1}