{"cam/image_array":"9013_cam-image_array_.jpg","user/throttle":0.30000001192092898,"user/angle":0.26414403319358828,"user/mode":"user","track/lap":7,"track/loc":-1}