{"cam/image_array":"847_cam-image_array_.jpg","user/throttle":0.30000001192092898,"user/angle":0.13430914282798768,"user/mode":"user","track/lap":1,"track/loc":-1}