{"cam/image_array":"10045_cam-image_array_.jpg","user/throttle":0.30000001192092898,"user/angle":0.5241305828094482,"user/mode":"user","track/lap":8,"track/loc":-1}