{"cam/image_array":"7179_cam-image_array_.jpg","user/throttle":0.30000001192092898,"user/angle":0.8516605496406555,"user/mode":"user","track/lap":6,"track/loc":-1}