{"cam/image_array":"632_cam-image_array_.jpg","user/throttle":0.30000001192092898,"user/angle":0.11353125423192978,"user/mode":"user","track/lap":1,"track/loc":-1}