{"cam/image_array":"6980_cam-image_array_.jpg","user/throttle":0.30000001192092898,"user/angle":0.05383213981986046,"user/mode":"user","track/lap":6,"track/loc":-1}