{"cam/image_array":"8025_cam-image_array_.jpg","user/throttle":0.30000001192092898,"user/angle":-0.10056018829345703,"user/mode":"user","track/lap":7,"track/loc":-1}