{"cam/image_array":"9400_cam-image_array_.jpg","user/throttle":0.30000001192092898,"user/angle":-0.24728451669216157,"user/mode":"user","track/lap":8,"track/loc":-1}