{"cam/image_array":"2454_cam-image_array_.jpg","user/throttle":0.30000001192092898,"user/angle":-0.14381256699562074,"user/mode":"user","track/lap":2,"track/loc":-1}