{"cam/image_array":"2944_cam-image_array_.jpg","user/throttle":0.30000001192092898,"user/angle":0.48290565609931948,"user/mode":"user","track/lap":3,"track/loc":-1}