{"cam/image_array":"6619_cam-image_array_.jpg","user/throttle":0.30000001192092898,"user/angle":0.21027198433876038,"user/mode":"user","track/lap":5,"track/loc":-1}