{"cam/image_array":"10376_cam-image_array_.jpg","user/throttle":0.30000001192092898,"user/angle":-0.7078539729118347,"user/mode":"user","track/lap":9,"track/loc":-1}