{"cam/image_array":"2955_cam-image_array_.jpg","user/throttle":0.30000001192092898,"user/angle":0.5366203784942627,"user/mode":"user","track/lap":3,"track/loc":-1}