{"cam/image_array":"144_cam-image_array_.jpg","user/throttle":0.30000001192092898,"user/angle":0.04431688040494919,"user/mode":"user","track/lap":1,"track/loc":-1}