{"cam/image_array":"2712_cam-image_array_.jpg","user/throttle":0.30000001192092898,"user/angle":0.03320912644267082,"user/mode":"user","track/lap":2,"track/loc":-1}