{"cam/image_array":"9698_cam-image_array_.jpg","user/throttle":0.30000001192092898,"user/angle":-0.29720786213874819,"user/mode":"user","track/lap":8,"track/loc":-1}