{"cam/image_array":"10118_cam-image_array_.jpg","user/throttle":0.30000001192092898,"user/angle":-0.0017001235391944647,"user/mode":"user","track/lap":8,"track/loc":-1}