{"cam/image_array":"7256_cam-image_array_.jpg","user/throttle":0.30000001192092898,"user/angle":-0.20289377868175507,"user/mode":"user","track/lap":6,"track/loc":-1}