{"cam/image_array":"1366_cam-image_array_.jpg","user/throttle":0.30000001192092898,"user/angle":-0.10091694444417954,"user/mode":"user","track/lap":1,"track/loc":-1}