{"cam/image_array":"543_cam-image_array_.jpg","user/throttle":0.30000001192092898,"user/angle":0.08829590678215027,"user/mode":"user","track/lap":1,"track/loc":-1}