{"cam/image_array":"9019_cam-image_array_.jpg","user/throttle":0.30000001192092898,"user/angle":-0.17489665746688844,"user/mode":"user","track/lap":7,"track/loc":-1}