{"cam/image_array":"1575_cam-image_array_.jpg","user/throttle":0.30000001192092898,"user/angle":0.41808411478996279,"user/mode":"user","track/lap":2,"track/loc":-1}