{"cam/image_array":"3014_cam-image_array_.jpg","user/throttle":0.30000001192092898,"user/angle":-0.0034654615446925165,"user/mode":"user","track/lap":3,"track/loc":-1}