{"cam/image_array":"6589_cam-image_array_.jpg","user/throttle":0.30000001192092898,"user/angle":-0.1851329803466797,"user/mode":"user","track/lap":5,"track/loc":-1}