{"cam/image_array":"10249_cam-image_array_.jpg","user/throttle":0.30000001192092898,"user/angle":0.4110346734523773,"user/mode":"user","track/lap":8,"track/loc":-1}