{"cam/image_array":"3994_cam-image_array_.jpg","user/throttle":0.30000001192092898,"user/angle":0.1890791356563568,"user/mode":"user","track/lap":3,"track/loc":-1}