{"cam/image_array":"3520_cam-image_array_.jpg","user/throttle":0.30000001192092898,"user/angle":0.7170605063438416,"user/mode":"user","track/lap":3,"track/loc":-1}