{"cam/image_array":"2486_cam-image_array_.jpg","user/throttle":0.30000001192092898,"user/angle":0.02043311670422554,"user/mode":"user","track/lap":2,"track/loc":-1}