{"cam/image_array":"4457_cam-image_array_.jpg","user/throttle":0.30000001192092898,"user/angle":0.2871169447898865,"user/mode":"user","track/lap":4,"track/loc":-1}