{"cam/image_array":"10053_cam-image_array_.jpg","user/throttle":0.30000001192092898,"user/angle":0.6345496773719788,"user/mode":"user","track/lap":8,"track/loc":-1}