{"cam/image_array":"6431_cam-image_array_.jpg","user/throttle":0.30000001192092898,"user/angle":-0.40016475319862368,"user/mode":"user","track/lap":5,"track/loc":-1}