{"cam/image_array":"5691_cam-image_array_.jpg","user/throttle":0.30000001192092898,"user/angle":-0.2853263318538666,"user/mode":"user","track/lap":5,"track/loc":-1}