{"cam/image_array":"5558_cam-image_array_.jpg","user/throttle":0.30000001192092898,"user/angle":-0.09331513196229935,"user/mode":"user","track/lap":5,"track/loc":-1}