{"cam/image_array":"271_cam-image_array_.jpg","user/throttle":0.30000001192092898,"user/angle":-0.02725289762020111,"user/mode":"user","track/lap":1,"track/loc":-1}