{"cam/image_array":"9436_cam-image_array_.jpg","user/throttle":0.30000001192092898,"user/angle":-0.28676316142082217,"user/mode":"user","track/lap":8,"track/loc":-1}