{"cam/image_array":"8239_cam-image_array_.jpg","user/throttle":0.30000001192092898,"user/angle":-0.6445894241333008,"user/mode":"user","track/lap":7,"track/loc":-1}