{"cam/image_array":"6087_cam-image_array_.jpg","user/throttle":0.30000001192092898,"user/angle":-0.8019556403160095,"user/mode":"user","track/lap":5,"track/loc":-1}