{"cam/image_array":"4179_cam-image_array_.jpg","user/throttle":0.30000001192092898,"user/angle":0.11191900819540024,"user/mode":"user","track/lap":4,"track/loc":-1}