{"cam/image_array":"9164_cam-image_array_.jpg","user/throttle":0.30000001192092898,"user/angle":-0.12361441552639008,"user/mode":"user","track/lap":8,"track/loc":-1}