{"cam/image_array":"2395_cam-image_array_.jpg","user/throttle":0.30000001192092898,"user/angle":-0.2975699007511139,"user/mode":"user","track/lap":2,"track/loc":-1}