{"cam/image_array":"9939_cam-image_array_.jpg","user/throttle":0.30000001192092898,"user/angle":-0.13489282131195069,"user/mode":"user","track/lap":8,"track/loc":-1}