{"cam/image_array":"5093_cam-image_array_.jpg","user/throttle":0.30000001192092898,"user/angle":-0.22585320472717286,"user/mode":"user","track/lap":4,"track/loc":-1}