{"cam/image_array":"7939_cam-image_array_.jpg","user/throttle":0.30000001192092898,"user/angle":0.06599880009889603,"user/mode":"user","track/lap":6,"track/loc":-1}