{"cam/image_array":"1286_cam-image_array_.jpg","user/throttle":0.30000001192092898,"user/angle":-0.8829310536384583,"user/mode":"user","track/lap":1,"track/loc":-1}