{"cam/image_array":"3895_cam-image_array_.jpg","user/throttle":0.30000001192092898,"user/angle":0.4119282364845276,"user/mode":"user","track/lap":3,"track/loc":-1}