{"cam/image_array":"1521_cam-image_array_.jpg","user/throttle":0.30000001192092898,"user/angle":0.36776888370513918,"user/mode":"user","track/lap":1,"track/loc":-1}