{"cam/image_array":"769_cam-image_array_.jpg","user/throttle":0.30000001192092898,"user/angle":-0.08961594849824906,"user/mode":"user","track/lap":1,"track/loc":-1}