{"cam/image_array":"4113_cam-image_array_.jpg","user/throttle":0.30000001192092898,"user/angle":0.44046998023986819,"user/mode":"user","track/lap":3,"track/loc":-1}