{"cam/image_array":"6292_cam-image_array_.jpg","user/throttle":0.30000001192092898,"user/angle":0.7982286810874939,"user/mode":"user","track/lap":5,"track/loc":-1}