{"cam/image_array":"1356_cam-image_array_.jpg","user/throttle":0.30000001192092898,"user/angle":0.0616205595433712,"user/mode":"user","track/lap":1,"track/loc":-1}