{"cam/image_array":"10429_cam-image_array_.jpg","user/throttle":0.30000001192092898,"user/angle":-0.5040385723114014,"user/mode":"user","track/lap":9,"track/loc":-1}