{"cam/image_array":"7982_cam-image_array_.jpg","user/throttle":0.30000001192092898,"user/angle":-0.1814056634902954,"user/mode":"user","track/lap":7,"track/loc":-1}