{"cam/image_array":"3755_cam-image_array_.jpg","user/throttle":0.30000001192092898,"user/angle":-0.5673298835754395,"user/mode":"user","track/lap":3,"track/loc":-1}