{"cam/image_array":"1324_cam-image_array_.jpg","user/throttle":0.30000001192092898,"user/angle":0.46801498532295229,"user/mode":"user","track/lap":1,"track/loc":-1}