{"cam/image_array":"1198_cam-image_array_.jpg","user/throttle":0.30000001192092898,"user/angle":-0.028663231059908868,"user/mode":"user","track/lap":1,"track/loc":-1}