{"cam/image_array":"9065_cam-image_array_.jpg","user/throttle":0.30000001192092898,"user/angle":-0.16360466182231904,"user/mode":"user","track/lap":7,"track/loc":-1}