{"cam/image_array":"1186_cam-image_array_.jpg","user/throttle":0.30000001192092898,"user/angle":0.09877220541238785,"user/mode":"user","track/lap":1,"track/loc":-1}