{"cam/image_array":"1058_cam-image_array_.jpg","user/throttle":0.30000001192092898,"user/angle":0.43546193838119509,"user/mode":"user","track/lap":1,"track/loc":-1}