{"cam/image_array":"2928_cam-image_array_.jpg","user/throttle":0.30000001192092898,"user/angle":0.26495200395584109,"user/mode":"user","track/lap":3,"track/loc":-1}