{"cam/image_array":"6940_cam-image_array_.jpg","user/throttle":0.30000001192092898,"user/angle":-0.38009384274482729,"user/mode":"user","track/lap":6,"track/loc":-1}