{"cam/image_array":"1823_cam-image_array_.jpg","user/throttle":0.30000001192092898,"user/angle":-0.3788332939147949,"user/mode":"user","track/lap":2,"track/loc":-1}