{"cam/image_array":"6500_cam-image_array_.jpg","user/throttle":0.30000001192092898,"user/angle":0.8493195176124573,"user/mode":"user","track/lap":5,"track/loc":-1}