{"cam/image_array":"10256_cam-image_array_.jpg","user/throttle":0.30000001192092898,"user/angle":0.036954332143068317,"user/mode":"user","track/lap":8,"track/loc":-1}