{"cam/image_array":"124_cam-image_array_.jpg","user/throttle":0.30000001192092898,"user/angle":0.06919705867767334,"user/mode":"user","track/lap":1,"track/loc":-1}