{"cam/image_array":"9884_cam-image_array_.jpg","user/throttle":0.30000001192092898,"user/angle":-0.38315293192863467,"user/mode":"user","track/lap":8,"track/loc":-1}