{"cam/image_array":"3503_cam-image_array_.jpg","user/throttle":0.30000001192092898,"user/angle":0.29137933254241946,"user/mode":"user","track/lap":3,"track/loc":-1}