{"cam/image_array":"5525_cam-image_array_.jpg","user/throttle":0.30000001192092898,"user/angle":0.05237343907356262,"user/mode":"user","track/lap":5,"track/loc":-1}