{"cam/image_array":"9838_cam-image_array_.jpg","user/throttle":0.30000001192092898,"user/angle":0.6326764822006226,"user/mode":"user","track/lap":8,"track/loc":-1}