{"cam/image_array":"7823_cam-image_array_.jpg","user/throttle":0.30000001192092898,"user/angle":0.07082656770944596,"user/mode":"user","track/lap":6,"track/loc":-1}