{"cam/image_array":"6661_cam-image_array_.jpg","user/throttle":0.30000001192092898,"user/angle":0.058827996253967288,"user/mode":"user","track/lap":5,"track/loc":-1}