{"cam/image_array":"1574_cam-image_array_.jpg","user/throttle":0.30000001192092898,"user/angle":0.3335578739643097,"user/mode":"user","track/lap":2,"track/loc":-1}