{"cam/image_array":"9186_cam-image_array_.jpg","user/throttle":0.30000001192092898,"user/angle":0.4238486588001251,"user/mode":"user","track/lap":8,"track/loc":-1}