{"cam/image_array":"8996_cam-image_array_.jpg","user/throttle":0.30000001192092898,"user/angle":0.45775333046913149,"user/mode":"user","track/lap":7,"track/loc":-1}