{"cam/image_array":"2649_cam-image_array_.jpg","user/throttle":0.30000001192092898,"user/angle":-0.6826657056808472,"user/mode":"user","track/lap":2,"track/loc":-1}