{"cam/image_array":"8002_cam-image_array_.jpg","user/throttle":0.30000001192092898,"user/angle":-0.4861863851547241,"user/mode":"user","track/lap":7,"track/loc":-1}