{"cam/image_array":"651_cam-image_array_.jpg","user/throttle":0.30000001192092898,"user/angle":0.06934428215026856,"user/mode":"user","track/lap":1,"track/loc":-1}