{"cam/image_array":"642_cam-image_array_.jpg","user/throttle":0.30000001192092898,"user/angle":-0.17921501398086549,"user/mode":"user","track/lap":1,"track/loc":-1}