{"cam/image_array":"6113_cam-image_array_.jpg","user/throttle":0.30000001192092898,"user/angle":-0.25597047805786135,"user/mode":"user","track/lap":5,"track/loc":-1}