{"cam/image_array":"10243_cam-image_array_.jpg","user/throttle":0.30000001192092898,"user/angle":-0.43223443627357485,"user/mode":"user","track/lap":8,"track/loc":-1}