{"cam/image_array":"995_cam-image_array_.jpg","user/throttle":0.30000001192092898,"user/angle":0.18680353462696076,"user/mode":"user","track/lap":1,"track/loc":-1}