{"cam/image_array":"2921_cam-image_array_.jpg","user/throttle":0.30000001192092898,"user/angle":0.31354692578315737,"user/mode":"user","track/lap":3,"track/loc":-1}