{"cam/image_array":"985_cam-image_array_.jpg","user/throttle":0.30000001192092898,"user/angle":-0.28244107961654665,"user/mode":"user","track/lap":1,"track/loc":-1}