{"cam/image_array":"8303_cam-image_array_.jpg","user/throttle":0.30000001192092898,"user/angle":0.15762825310230256,"user/mode":"user","track/lap":7,"track/loc":-1}