{"cam/image_array":"3543_cam-image_array_.jpg","user/throttle":0.30000001192092898,"user/angle":0.48516231775283816,"user/mode":"user","track/lap":3,"track/loc":-1}