{"cam/image_array":"7731_cam-image_array_.jpg","user/throttle":0.30000001192092898,"user/angle":-0.1059226393699646,"user/mode":"user","track/lap":6,"track/loc":-1}