{"cam/image_array":"805_cam-image_array_.jpg","user/throttle":0.30000001192092898,"user/angle":0.04040343686938286,"user/mode":"user","track/lap":1,"track/loc":-1}