{"cam/image_array":"173_cam-image_array_.jpg","user/throttle":0.30000001192092898,"user/angle":0.018936211243271829,"user/mode":"user","track/lap":1,"track/loc":-1}