{"cam/image_array":"2260_cam-image_array_.jpg","user/throttle":0.30000001192092898,"user/angle":0.0027247644029557707,"user/mode":"user","track/lap":2,"track/loc":-1}