{"cam/image_array":"783_cam-image_array_.jpg","user/throttle":0.30000001192092898,"user/angle":0.25050467252731326,"user/mode":"user","track/lap":1,"track/loc":-1}