{"cam/image_array":"9529_cam-image_array_.jpg","user/throttle":0.30000001192092898,"user/angle":-0.4932713806629181,"user/mode":"user","track/lap":8,"track/loc":-1}