{"cam/image_array":"2179_cam-image_array_.jpg","user/throttle":0.30000001192092898,"user/angle":-0.6348127126693726,"user/mode":"user","track/lap":2,"track/loc":-1}