{"cam/image_array":"301_cam-image_array_.jpg","user/throttle":0.30000001192092898,"user/angle":0.0014862148091197014,"user/mode":"user","track/lap":1,"track/loc":-1}