{"cam/image_array":"5678_cam-image_array_.jpg","user/throttle":0.30000001192092898,"user/angle":0.7317460179328919,"user/mode":"user","track/lap":5,"track/loc":-1}