{"cam/image_array":"752_cam-image_array_.jpg","user/throttle":0.30000001192092898,"user/angle":0.24028238654136659,"user/mode":"user","track/lap":1,"track/loc":-1}