{"cam/image_array":"5480_cam-image_array_.jpg","user/throttle":0.30000001192092898,"user/angle":0.09063050895929337,"user/mode":"user","track/lap":5,"track/loc":-1}