{"cam/image_array":"9082_cam-image_array_.jpg","user/throttle":0.30000001192092898,"user/angle":-0.43233999609947207,"user/mode":"user","track/lap":7,"track/loc":-1}