{"cam/image_array":"4240_cam-image_array_.jpg","user/throttle":0.30000001192092898,"user/angle":0.07368922978639603,"user/mode":"user","track/lap":4,"track/loc":-1}