{"cam/image_array":"7811_cam-image_array_.jpg","user/throttle":0.30000001192092898,"user/angle":-0.008592088706791401,"user/mode":"user","track/lap":6,"track/loc":-1}