{"cam/image_array":"8714_cam-image_array_.jpg","user/throttle":0.30000001192092898,"user/angle":-0.09141171723604202,"user/mode":"user","track/lap":7,"track/loc":-1}