{"cam/image_array":"163_cam-image_array_.jpg","user/throttle":0.30000001192092898,"user/angle":0.027137156575918199,"user/mode":"user","track/lap":1,"track/loc":-1}