{"cam/image_array":"5902_cam-image_array_.jpg","user/throttle":0.30000001192092898,"user/angle":0.3853394389152527,"user/mode":"user","track/lap":5,"track/loc":-1}