{"cam/image_array":"3780_cam-image_array_.jpg","user/throttle":0.30000001192092898,"user/angle":-0.3661916255950928,"user/mode":"user","track/lap":3,"track/loc":-1}