{"cam/image_array":"6531_cam-image_array_.jpg","user/throttle":0.30000001192092898,"user/angle":0.14948329329490663,"user/mode":"user","track/lap":5,"track/loc":-1}