{"cam/image_array":"272_cam-image_array_.jpg","user/throttle":0.30000001192092898,"user/angle":0.005841143429279327,"user/mode":"user","track/lap":1,"track/loc":-1}