{"cam/image_array":"885_cam-image_array_.jpg","user/throttle":0.30000001192092898,"user/angle":0.0059911045245826248,"user/mode":"user","track/lap":1,"track/loc":-1}