{"cam/image_array":"9187_cam-image_array_.jpg","user/throttle":0.30000001192092898,"user/angle":0.7801186442375183,"user/mode":"user","track/lap":8,"track/loc":-1}