{"cam/image_array":"5043_cam-image_array_.jpg","user/throttle":0.30000001192092898,"user/angle":0.06009596586227417,"user/mode":"user","track/lap":4,"track/loc":-1}