{"cam/image_array":"1014_cam-image_array_.jpg","user/throttle":0.30000001192092898,"user/angle":0.04003646597266197,"user/mode":"user","track/lap":1,"track/loc":-1}