{"cam/image_array":"8558_cam-image_array_.jpg","user/throttle":0.30000001192092898,"user/angle":0.13374577462673188,"user/mode":"user","track/lap":7,"track/loc":-1}