{"cam/image_array":"1013_cam-image_array_.jpg","user/throttle":0.30000001192092898,"user/angle":-0.1833338737487793,"user/mode":"user","track/lap":1,"track/loc":-1}