{"cam/image_array":"6964_cam-image_array_.jpg","user/throttle":0.30000001192092898,"user/angle":-0.2829848825931549,"user/mode":"user","track/lap":6,"track/loc":-1}