{"cam/image_array":"6186_cam-image_array_.jpg","user/throttle":0.30000001192092898,"user/angle":-0.5381205677986145,"user/mode":"user","track/lap":5,"track/loc":-1}