{"cam/image_array":"804_cam-image_array_.jpg","user/throttle":0.30000001192092898,"user/angle":0.06788455694913864,"user/mode":"user","track/lap":1,"track/loc":-1}