{"cam/image_array":"247_cam-image_array_.jpg","user/throttle":0.30000001192092898,"user/angle":0.012360673397779465,"user/mode":"user","track/lap":1,"track/loc":-1}