{"cam/image_array":"6992_cam-image_array_.jpg","user/throttle":0.30000001192092898,"user/angle":-0.20784690976142884,"user/mode":"user","track/lap":6,"track/loc":-1}