{"cam/image_array":"9555_cam-image_array_.jpg","user/throttle":0.30000001192092898,"user/angle":-0.7741063237190247,"user/mode":"user","track/lap":8,"track/loc":-1}