{"cam/image_array":"325_cam-image_array_.jpg","user/throttle":0.30000001192092898,"user/angle":0.003361545270308852,"user/mode":"user","track/lap":1,"track/loc":-1}