{"cam/image_array":"304_cam-image_array_.jpg","user/throttle":0.30000001192092898,"user/angle":0.00020094907085876912,"user/mode":"user","track/lap":1,"track/loc":-1}