{"cam/image_array":"5827_cam-image_array_.jpg","user/throttle":0.30000001192092898,"user/angle":0.09265105426311493,"user/mode":"user","track/lap":5,"track/loc":-1}