{"cam/image_array":"5774_cam-image_array_.jpg","user/throttle":0.30000001192092898,"user/angle":0.31296613812446597,"user/mode":"user","track/lap":5,"track/loc":-1}