{"cam/image_array":"4109_cam-image_array_.jpg","user/throttle":0.30000001192092898,"user/angle":-0.43008336424827578,"user/mode":"user","track/lap":3,"track/loc":-1}