{"cam/image_array":"5570_cam-image_array_.jpg","user/throttle":0.30000001192092898,"user/angle":-0.06122139096260071,"user/mode":"user","track/lap":5,"track/loc":-1}