{"cam/image_array":"1464_cam-image_array_.jpg","user/throttle":0.30000001192092898,"user/angle":0.29508447647094729,"user/mode":"user","track/lap":1,"track/loc":-1}