{"cam/image_array":"5400_cam-image_array_.jpg","user/throttle":0.30000001192092898,"user/angle":0.48408958315849306,"user/mode":"user","track/lap":4,"track/loc":-1}