{"cam/image_array":"544_cam-image_array_.jpg","user/throttle":0.30000001192092898,"user/angle":0.11805630475282669,"user/mode":"user","track/lap":1,"track/loc":-1}