{"cam/image_array":"9158_cam-image_array_.jpg","user/throttle":0.30000001192092898,"user/angle":0.40545329451560976,"user/mode":"user","track/lap":8,"track/loc":-1}