{"cam/image_array":"5927_cam-image_array_.jpg","user/throttle":0.30000001192092898,"user/angle":0.7417696118354797,"user/mode":"user","track/lap":5,"track/loc":-1}