{"cam/image_array":"1622_cam-image_array_.jpg","user/throttle":0.30000001192092898,"user/angle":0.0008862029062584043,"user/mode":"user","track/lap":2,"track/loc":-1}