{"cam/image_array":"179_cam-image_array_.jpg","user/throttle":0.30000001192092898,"user/angle":0.004018182400614023,"user/mode":"user","track/lap":1,"track/loc":-1}