{"cam/image_array":"10226_cam-image_array_.jpg","user/throttle":0.30000001192092898,"user/angle":0.6611305475234985,"user/mode":"user","track/lap":8,"track/loc":-1}