{"cam/image_array":"9764_cam-image_array_.jpg","user/throttle":0.30000001192092898,"user/angle":0.09781099855899811,"user/mode":"user","track/lap":8,"track/loc":-1}