{"cam/image_array":"8812_cam-image_array_.jpg","user/throttle":0.30000001192092898,"user/angle":-0.30069589614868166,"user/mode":"user","track/lap":7,"track/loc":-1}