{"cam/image_array":"196_cam-image_array_.jpg","user/throttle":0.30000001192092898,"user/angle":-0.06722931563854218,"user/mode":"user","track/lap":1,"track/loc":-1}