{"cam/image_array":"8981_cam-image_array_.jpg","user/throttle":0.30000001192092898,"user/angle":-0.13352647423744203,"user/mode":"user","track/lap":7,"track/loc":-1}