{"cam/image_array":"779_cam-image_array_.jpg","user/throttle":0.30000001192092898,"user/angle":-0.015114893205463887,"user/mode":"user","track/lap":1,"track/loc":-1}