{"cam/image_array":"6556_cam-image_array_.jpg","user/throttle":0.30000001192092898,"user/angle":0.23762233555316926,"user/mode":"user","track/lap":5,"track/loc":-1}