{"cam/image_array":"2881_cam-image_array_.jpg","user/throttle":0.30000001192092898,"user/angle":0.0003857042174786329,"user/mode":"user","track/lap":3,"track/loc":-1}