{"cam/image_array":"4783_cam-image_array_.jpg","user/throttle":0.30000001192092898,"user/angle":0.1271306872367859,"user/mode":"user","track/lap":4,"track/loc":-1}