{"cam/image_array":"2692_cam-image_array_.jpg","user/throttle":0.30000001192092898,"user/angle":0.10050580650568009,"user/mode":"user","track/lap":2,"track/loc":-1}