{"cam/image_array":"4473_cam-image_array_.jpg","user/throttle":0.30000001192092898,"user/angle":0.04500332847237587,"user/mode":"user","track/lap":4,"track/loc":-1}