{"cam/image_array":"2056_cam-image_array_.jpg","user/throttle":0.30000001192092898,"user/angle":0.40779733657836916,"user/mode":"user","track/lap":2,"track/loc":-1}