{"cam/image_array":"3754_cam-image_array_.jpg","user/throttle":0.30000001192092898,"user/angle":0.0074915410950779919,"user/mode":"user","track/lap":3,"track/loc":-1}