{"cam/image_array":"7789_cam-image_array_.jpg","user/throttle":0.30000001192092898,"user/angle":-0.08430071175098419,"user/mode":"user","track/lap":6,"track/loc":-1}