{"cam/image_array":"2442_cam-image_array_.jpg","user/throttle":0.30000001192092898,"user/angle":-0.38204294443130495,"user/mode":"user","track/lap":2,"track/loc":-1}