{"cam/image_array":"5514_cam-image_array_.jpg","user/throttle":0.30000001192092898,"user/angle":0.09927593171596527,"user/mode":"user","track/lap":5,"track/loc":-1}