{"cam/image_array":"2637_cam-image_array_.jpg","user/throttle":0.30000001192092898,"user/angle":-0.28206539154052737,"user/mode":"user","track/lap":2,"track/loc":-1}