{"cam/image_array":"1872_cam-image_array_.jpg","user/throttle":0.30000001192092898,"user/angle":-0.24121998250484467,"user/mode":"user","track/lap":2,"track/loc":-1}