{"cam/image_array":"4722_cam-image_array_.jpg","user/throttle":0.30000001192092898,"user/angle":0.5520738363265991,"user/mode":"user","track/lap":4,"track/loc":-1}