{"cam/image_array":"1309_cam-image_array_.jpg","user/throttle":0.30000001192092898,"user/angle":-0.8607737421989441,"user/mode":"user","track/lap":1,"track/loc":-1}