{"cam/image_array":"6086_cam-image_array_.jpg","user/throttle":0.30000001192092898,"user/angle":-0.9030787944793701,"user/mode":"user","track/lap":5,"track/loc":-1}