{"cam/image_array":"6717_cam-image_array_.jpg","user/throttle":0.30000001192092898,"user/angle":-0.8959032297134399,"user/mode":"user","track/lap":6,"track/loc":-1}