{"cam/image_array":"6331_cam-image_array_.jpg","user/throttle":0.30000001192092898,"user/angle":0.001443378860130906,"user/mode":"user","track/lap":5,"track/loc":-1}