{"cam/image_array":"313_cam-image_array_.jpg","user/throttle":0.30000001192092898,"user/angle":0.004396011121571064,"user/mode":"user","track/lap":1,"track/loc":-1}