{"cam/image_array":"10394_cam-image_array_.jpg","user/throttle":0.30000001192092898,"user/angle":0.061764784157276157,"user/mode":"user","track/lap":9,"track/loc":-1}