{"cam/image_array":"655_cam-image_array_.jpg","user/throttle":0.30000001192092898,"user/angle":-0.15737971663475038,"user/mode":"user","track/lap":1,"track/loc":-1}