{"cam/image_array":"4046_cam-image_array_.jpg","user/throttle":0.30000001192092898,"user/angle":-0.7364454865455627,"user/mode":"user","track/lap":3,"track/loc":-1}