{"cam/image_array":"9982_cam-image_array_.jpg","user/throttle":0.30000001192092898,"user/angle":-0.018421391025185586,"user/mode":"user","track/lap":8,"track/loc":-1}