{"cam/image_array":"9919_cam-image_array_.jpg","user/throttle":0.30000001192092898,"user/angle":0.1195007860660553,"user/mode":"user","track/lap":8,"track/loc":-1}