{"cam/image_array":"10228_cam-image_array_.jpg","user/throttle":0.30000001192092898,"user/angle":0.38364943861961367,"user/mode":"user","track/lap":8,"track/loc":-1}