{"cam/image_array":"2913_cam-image_array_.jpg","user/throttle":0.30000001192092898,"user/angle":-0.8080397844314575,"user/mode":"user","track/lap":3,"track/loc":-1}