{"cam/image_array":"9492_cam-image_array_.jpg","user/throttle":0.30000001192092898,"user/angle":-0.7769336104393005,"user/mode":"user","track/lap":8,"track/loc":-1}