{"cam/image_array":"1854_cam-image_array_.jpg","user/throttle":0.30000001192092898,"user/angle":0.5910385847091675,"user/mode":"user","track/lap":2,"track/loc":-1}