{"cam/image_array":"10090_cam-image_array_.jpg","user/throttle":0.30000001192092898,"user/angle":-0.024023238569498063,"user/mode":"user","track/lap":8,"track/loc":-1}