{"cam/image_array":"1809_cam-image_array_.jpg","user/throttle":0.30000001192092898,"user/angle":-0.014867790974676609,"user/mode":"user","track/lap":2,"track/loc":-1}