{"cam/image_array":"4835_cam-image_array_.jpg","user/throttle":0.30000001192092898,"user/angle":-0.05971676856279373,"user/mode":"user","track/lap":4,"track/loc":-1}