{"cam/image_array":"8468_cam-image_array_.jpg","user/throttle":0.30000001192092898,"user/angle":0.2803572416305542,"user/mode":"user","track/lap":7,"track/loc":-1}