{"cam/image_array":"9025_cam-image_array_.jpg","user/throttle":0.30000001192092898,"user/angle":0.22081907093524934,"user/mode":"user","track/lap":7,"track/loc":-1}