{"cam/image_array":"4151_cam-image_array_.jpg","user/throttle":0.30000001192092898,"user/angle":-0.8309494853019714,"user/mode":"user","track/lap":4,"track/loc":-1}