{"cam/image_array":"9348_cam-image_array_.jpg","user/throttle":0.30000001192092898,"user/angle":-0.1661195307970047,"user/mode":"user","track/lap":8,"track/loc":-1}