{"cam/image_array":"3982_cam-image_array_.jpg","user/throttle":0.30000001192092898,"user/angle":0.25842714309692385,"user/mode":"user","track/lap":3,"track/loc":-1}