{"cam/image_array":"6729_cam-image_array_.jpg","user/throttle":0.30000001192092898,"user/angle":-0.9455231428146362,"user/mode":"user","track/lap":6,"track/loc":-1}