{"cam/image_array":"9552_cam-image_array_.jpg","user/throttle":0.30000001192092898,"user/angle":0.3615962564945221,"user/mode":"user","track/lap":8,"track/loc":-1}