{"cam/image_array":"10101_cam-image_array_.jpg","user/throttle":0.30000001192092898,"user/angle":-0.7195731401443481,"user/mode":"user","track/lap":8,"track/loc":-1}