{"cam/image_array":"2503_cam-image_array_.jpg","user/throttle":0.30000001192092898,"user/angle":-0.1877954602241516,"user/mode":"user","track/lap":2,"track/loc":-1}