{"cam/image_array":"6953_cam-image_array_.jpg","user/throttle":0.30000001192092898,"user/angle":-0.15066267549991609,"user/mode":"user","track/lap":6,"track/loc":-1}