{"cam/image_array":"3092_cam-image_array_.jpg","user/throttle":0.30000001192092898,"user/angle":0.9611115455627441,"user/mode":"user","track/lap":3,"track/loc":-1}