{"cam/image_array":"2801_cam-image_array_.jpg","user/throttle":0.30000001192092898,"user/angle":-0.16630324721336366,"user/mode":"user","track/lap":2,"track/loc":-1}