{"cam/image_array":"1459_cam-image_array_.jpg","user/throttle":0.30000001192092898,"user/angle":-0.31893396377563479,"user/mode":"user","track/lap":1,"track/loc":-1}