{"cam/image_array":"246_cam-image_array_.jpg","user/throttle":0.30000001192092898,"user/angle":-0.03666054829955101,"user/mode":"user","track/lap":1,"track/loc":-1}