{"cam/image_array":"7291_cam-image_array_.jpg","user/throttle":0.30000001192092898,"user/angle":0.8019899129867554,"user/mode":"user","track/lap":6,"track/loc":-1}