{"cam/image_array":"649_cam-image_array_.jpg","user/throttle":0.30000001192092898,"user/angle":-0.07106219977140427,"user/mode":"user","track/lap":1,"track/loc":-1}