{"cam/image_array":"426_cam-image_array_.jpg","user/throttle":0.30000001192092898,"user/angle":0.28430354595184328,"user/mode":"user","track/lap":1,"track/loc":-1}