{"cam/image_array":"4093_cam-image_array_.jpg","user/throttle":0.30000001192092898,"user/angle":0.4522951543331146,"user/mode":"user","track/lap":3,"track/loc":-1}