{"cam/image_array":"6650_cam-image_array_.jpg","user/throttle":0.30000001192092898,"user/angle":0.19417919218540193,"user/mode":"user","track/lap":5,"track/loc":-1}