{"cam/image_array":"6973_cam-image_array_.jpg","user/throttle":0.30000001192092898,"user/angle":-0.5764268040657044,"user/mode":"user","track/lap":6,"track/loc":-1}