{"cam/image_array":"3458_cam-image_array_.jpg","user/throttle":0.30000001192092898,"user/angle":0.9423742294311523,"user/mode":"user","track/lap":3,"track/loc":-1}