{"cam/image_array":"2641_cam-image_array_.jpg","user/throttle":0.30000001192092898,"user/angle":0.2424517273902893,"user/mode":"user","track/lap":2,"track/loc":-1}