{"cam/image_array":"821_cam-image_array_.jpg","user/throttle":0.30000001192092898,"user/angle":0.47779926657676699,"user/mode":"user","track/lap":1,"track/loc":-1}