{"cam/image_array":"9563_cam-image_array_.jpg","user/throttle":0.30000001192092898,"user/angle":0.6983148455619812,"user/mode":"user","track/lap":8,"track/loc":-1}