{"cam/image_array":"275_cam-image_array_.jpg","user/throttle":0.30000001192092898,"user/angle":0.00667617516592145,"user/mode":"user","track/lap":1,"track/loc":-1}