{"cam/image_array":"5867_cam-image_array_.jpg","user/throttle":0.30000001192092898,"user/angle":0.15886791050434113,"user/mode":"user","track/lap":5,"track/loc":-1}