{"cam/image_array":"8821_cam-image_array_.jpg","user/throttle":0.30000001192092898,"user/angle":-0.13576869666576386,"user/mode":"user","track/lap":7,"track/loc":-1}