{"cam/image_array":"9044_cam-image_array_.jpg","user/throttle":0.30000001192092898,"user/angle":-0.6519046425819397,"user/mode":"user","track/lap":7,"track/loc":-1}