{"cam/image_array":"10224_cam-image_array_.jpg","user/throttle":0.30000001192092898,"user/angle":0.059844259172677997,"user/mode":"user","track/lap":8,"track/loc":-1}