{"cam/image_array":"6394_cam-image_array_.jpg","user/throttle":0.30000001192092898,"user/angle":-0.3881288468837738,"user/mode":"user","track/lap":5,"track/loc":-1}