{"cam/image_array":"2951_cam-image_array_.jpg","user/throttle":0.30000001192092898,"user/angle":-0.12240705639123917,"user/mode":"user","track/lap":3,"track/loc":-1}