{"cam/image_array":"6407_cam-image_array_.jpg","user/throttle":0.30000001192092898,"user/angle":0.5320931077003479,"user/mode":"user","track/lap":5,"track/loc":-1}