{"cam/image_array":"5568_cam-image_array_.jpg","user/throttle":0.30000001192092898,"user/angle":-0.15599434077739716,"user/mode":"user","track/lap":5,"track/loc":-1}