{"cam/image_array":"6526_cam-image_array_.jpg","user/throttle":0.30000001192092898,"user/angle":-0.31612494587898257,"user/mode":"user","track/lap":5,"track/loc":-1}