{"cam/image_array":"5236_cam-image_array_.jpg","user/throttle":0.30000001192092898,"user/angle":-0.3110554814338684,"user/mode":"user","track/lap":4,"track/loc":-1}