{"cam/image_array":"2493_cam-image_array_.jpg","user/throttle":0.30000001192092898,"user/angle":-0.15057338774204255,"user/mode":"user","track/lap":2,"track/loc":-1}