{"cam/image_array":"186_cam-image_array_.jpg","user/throttle":0.30000001192092898,"user/angle":0.024166898801922799,"user/mode":"user","track/lap":1,"track/loc":-1}