{"cam/image_array":"4760_cam-image_array_.jpg","user/throttle":0.30000001192092898,"user/angle":0.2264232188463211,"user/mode":"user","track/lap":4,"track/loc":-1}