{"cam/image_array":"8807_cam-image_array_.jpg","user/throttle":0.30000001192092898,"user/angle":0.3697347044944763,"user/mode":"user","track/lap":7,"track/loc":-1}