{"cam/image_array":"3183_cam-image_array_.jpg","user/throttle":0.30000001192092898,"user/angle":-0.20592370629310609,"user/mode":"user","track/lap":3,"track/loc":-1}