{"cam/image_array":"6958_cam-image_array_.jpg","user/throttle":0.30000001192092898,"user/angle":0.25760743021965029,"user/mode":"user","track/lap":6,"track/loc":-1}