{"cam/image_array":"4625_cam-image_array_.jpg","user/throttle":0.30000001192092898,"user/angle":-0.6860416531562805,"user/mode":"user","track/lap":4,"track/loc":-1}