{"cam/image_array":"9963_cam-image_array_.jpg","user/throttle":0.30000001192092898,"user/angle":0.043900106102228168,"user/mode":"user","track/lap":8,"track/loc":-1}