{"cam/image_array":"184_cam-image_array_.jpg","user/throttle":0.30000001192092898,"user/angle":0.025342803448438646,"user/mode":"user","track/lap":1,"track/loc":-1}