{"cam/image_array":"843_cam-image_array_.jpg","user/throttle":0.30000001192092898,"user/angle":0.24325796961784364,"user/mode":"user","track/lap":1,"track/loc":-1}