{"cam/image_array":"6225_cam-image_array_.jpg","user/throttle":0.30000001192092898,"user/angle":-0.7057390809059143,"user/mode":"user","track/lap":5,"track/loc":-1}