{"cam/image_array":"6978_cam-image_array_.jpg","user/throttle":0.30000001192092898,"user/angle":0.30086496472358706,"user/mode":"user","track/lap":6,"track/loc":-1}