{"cam/image_array":"2516_cam-image_array_.jpg","user/throttle":0.30000001192092898,"user/angle":-0.06225580349564552,"user/mode":"user","track/lap":2,"track/loc":-1}