{"cam/image_array":"165_cam-image_array_.jpg","user/throttle":0.30000001192092898,"user/angle":-0.08266882598400116,"user/mode":"user","track/lap":1,"track/loc":-1}