{"cam/image_array":"337_cam-image_array_.jpg","user/throttle":0.30000001192092898,"user/angle":-0.013123328797519207,"user/mode":"user","track/lap":1,"track/loc":-1}