{"cam/image_array":"4836_cam-image_array_.jpg","user/throttle":0.30000001192092898,"user/angle":-0.01834808848798275,"user/mode":"user","track/lap":4,"track/loc":-1}