{"cam/image_array":"989_cam-image_array_.jpg","user/throttle":0.30000001192092898,"user/angle":0.10116744041442871,"user/mode":"user","track/lap":1,"track/loc":-1}