{"cam/image_array":"1360_cam-image_array_.jpg","user/throttle":0.30000001192092898,"user/angle":-0.006161603145301342,"user/mode":"user","track/lap":1,"track/loc":-1}