{"cam/image_array":"9097_cam-image_array_.jpg","user/throttle":0.30000001192092898,"user/angle":0.31208980083465578,"user/mode":"user","track/lap":7,"track/loc":-1}