{"cam/image_array":"8945_cam-image_array_.jpg","user/throttle":0.30000001192092898,"user/angle":0.06356498599052429,"user/mode":"user","track/lap":7,"track/loc":-1}