{"cam/image_array":"1338_cam-image_array_.jpg","user/throttle":0.30000001192092898,"user/angle":0.3062710762023926,"user/mode":"user","track/lap":1,"track/loc":-1}