{"cam/image_array":"284_cam-image_array_.jpg","user/throttle":0.30000001192092898,"user/angle":0.0011299687903374434,"user/mode":"user","track/lap":1,"track/loc":-1}