{"cam/image_array":"6736_cam-image_array_.jpg","user/throttle":0.30000001192092898,"user/angle":0.10342949628829956,"user/mode":"user","track/lap":6,"track/loc":-1}