{"cam/image_array":"3506_cam-image_array_.jpg","user/throttle":0.30000001192092898,"user/angle":-0.09196082502603531,"user/mode":"user","track/lap":3,"track/loc":-1}