{"cam/image_array":"125_cam-image_array_.jpg","user/throttle":0.30000001192092898,"user/angle":-0.024189507588744165,"user/mode":"user","track/lap":1,"track/loc":-1}