{"cam/image_array":"5877_cam-image_array_.jpg","user/throttle":0.30000001192092898,"user/angle":0.07092949748039246,"user/mode":"user","track/lap":5,"track/loc":-1}