{"cam/image_array":"1200_cam-image_array_.jpg","user/throttle":0.30000001192092898,"user/angle":-0.16321244835853578,"user/mode":"user","track/lap":1,"track/loc":-1}