{"cam/image_array":"5288_cam-image_array_.jpg","user/throttle":0.30000001192092898,"user/angle":0.3154621124267578,"user/mode":"user","track/lap":4,"track/loc":-1}