{"cam/image_array":"601_cam-image_array_.jpg","user/throttle":0.30000001192092898,"user/angle":-0.44350317120552065,"user/mode":"user","track/lap":1,"track/loc":-1}