{"cam/image_array":"1111_cam-image_array_.jpg","user/throttle":0.30000001192092898,"user/angle":-0.012521211989223957,"user/mode":"user","track/lap":1,"track/loc":-1}