{"cam/image_array":"10171_cam-image_array_.jpg","user/throttle":0.30000001192092898,"user/angle":-0.04894450306892395,"user/mode":"user","track/lap":8,"track/loc":-1}