{"cam/image_array":"8229_cam-image_array_.jpg","user/throttle":0.30000001192092898,"user/angle":0.09233934432268143,"user/mode":"user","track/lap":7,"track/loc":-1}