{"cam/image_array":"7878_cam-image_array_.jpg","user/throttle":0.30000001192092898,"user/angle":0.5377299189567566,"user/mode":"user","track/lap":6,"track/loc":-1}