{"cam/image_array":"2414_cam-image_array_.jpg","user/throttle":0.30000001192092898,"user/angle":-0.1709565669298172,"user/mode":"user","track/lap":2,"track/loc":-1}