{"cam/image_array":"6583_cam-image_array_.jpg","user/throttle":0.30000001192092898,"user/angle":-0.2067999392747879,"user/mode":"user","track/lap":5,"track/loc":-1}