{"cam/image_array":"1779_cam-image_array_.jpg","user/throttle":0.30000001192092898,"user/angle":0.28237444162368777,"user/mode":"user","track/lap":2,"track/loc":-1}