{"cam/image_array":"2987_cam-image_array_.jpg","user/throttle":0.30000001192092898,"user/angle":0.4079630374908447,"user/mode":"user","track/lap":3,"track/loc":-1}