{"cam/image_array":"3714_cam-image_array_.jpg","user/throttle":0.30000001192092898,"user/angle":0.9653744697570801,"user/mode":"user","track/lap":3,"track/loc":-1}