{"cam/image_array":"4146_cam-image_array_.jpg","user/throttle":0.30000001192092898,"user/angle":0.9996224045753479,"user/mode":"user","track/lap":4,"track/loc":-1}