{"cam/image_array":"5535_cam-image_array_.jpg","user/throttle":0.30000001192092898,"user/angle":-0.02072814665734768,"user/mode":"user","track/lap":5,"track/loc":-1}