{"cam/image_array":"100_cam-image_array_.jpg","user/throttle":0.30000001192092898,"user/angle":0.18401524424552918,"user/mode":"user","track/lap":1,"track/loc":-1}