{"cam/image_array":"3979_cam-image_array_.jpg","user/throttle":0.30000001192092898,"user/angle":0.017014475539326669,"user/mode":"user","track/lap":3,"track/loc":-1}