{"cam/image_array":"233_cam-image_array_.jpg","user/throttle":0.30000001192092898,"user/angle":-0.05188024044036865,"user/mode":"user","track/lap":1,"track/loc":-1}