{"cam/image_array":"3770_cam-image_array_.jpg","user/throttle":0.30000001192092898,"user/angle":0.008452914655208588,"user/mode":"user","track/lap":3,"track/loc":-1}