{"cam/image_array":"305_cam-image_array_.jpg","user/throttle":0.30000001192092898,"user/angle":-0.017715970054268838,"user/mode":"user","track/lap":1,"track/loc":-1}