{"cam/image_array":"1130_cam-image_array_.jpg","user/throttle":0.30000001192092898,"user/angle":0.7126206159591675,"user/mode":"user","track/lap":1,"track/loc":-1}