{"cam/image_array":"9236_cam-image_array_.jpg","user/throttle":0.30000001192092898,"user/angle":0.7417600750923157,"user/mode":"user","track/lap":8,"track/loc":-1}