{"cam/image_array":"505_cam-image_array_.jpg","user/throttle":0.30000001192092898,"user/angle":-0.12286459654569626,"user/mode":"user","track/lap":1,"track/loc":-1}