{"cam/image_array":"8561_cam-image_array_.jpg","user/throttle":0.30000001192092898,"user/angle":-0.32358330488204958,"user/mode":"user","track/lap":7,"track/loc":-1}