{"cam/image_array":"6914_cam-image_array_.jpg","user/throttle":0.30000001192092898,"user/angle":0.8531394004821777,"user/mode":"user","track/lap":6,"track/loc":-1}