{"cam/image_array":"7681_cam-image_array_.jpg","user/throttle":0.30000001192092898,"user/angle":-0.3988288342952728,"user/mode":"user","track/lap":6,"track/loc":-1}