{"cam/image_array":"10091_cam-image_array_.jpg","user/throttle":0.30000001192092898,"user/angle":-0.7181631922721863,"user/mode":"user","track/lap":8,"track/loc":-1}