{"cam/image_array":"7910_cam-image_array_.jpg","user/throttle":0.30000001192092898,"user/angle":0.5499663949012756,"user/mode":"user","track/lap":6,"track/loc":-1}