{"cam/image_array":"7276_cam-image_array_.jpg","user/throttle":0.30000001192092898,"user/angle":0.19034738838672639,"user/mode":"user","track/lap":6,"track/loc":-1}