{"cam/image_array":"3999_cam-image_array_.jpg","user/throttle":0.30000001192092898,"user/angle":0.18239524960517884,"user/mode":"user","track/lap":3,"track/loc":-1}