{"cam/image_array":"9024_cam-image_array_.jpg","user/throttle":0.30000001192092898,"user/angle":0.8076052069664002,"user/mode":"user","track/lap":7,"track/loc":-1}