{"cam/image_array":"9284_cam-image_array_.jpg","user/throttle":0.30000001192092898,"user/angle":-0.12664681673049928,"user/mode":"user","track/lap":8,"track/loc":-1}