{"cam/image_array":"4088_cam-image_array_.jpg","user/throttle":0.30000001192092898,"user/angle":-0.5394198894500732,"user/mode":"user","track/lap":3,"track/loc":-1}