{"cam/image_array":"8564_cam-image_array_.jpg","user/throttle":0.30000001192092898,"user/angle":-0.13292428851127625,"user/mode":"user","track/lap":7,"track/loc":-1}