{"cam/image_array":"2784_cam-image_array_.jpg","user/throttle":0.30000001192092898,"user/angle":0.26808083057403567,"user/mode":"user","track/lap":2,"track/loc":-1}