{"cam/image_array":"9468_cam-image_array_.jpg","user/throttle":0.30000001192092898,"user/angle":-0.5488369464874268,"user/mode":"user","track/lap":8,"track/loc":-1}