{"cam/image_array":"3554_cam-image_array_.jpg","user/throttle":0.30000001192092898,"user/angle":0.03710610792040825,"user/mode":"user","track/lap":3,"track/loc":-1}