{"cam/image_array":"192_cam-image_array_.jpg","user/throttle":0.30000001192092898,"user/angle":0.004240944981575012,"user/mode":"user","track/lap":1,"track/loc":-1}