{"cam/image_array":"6135_cam-image_array_.jpg","user/throttle":0.30000001192092898,"user/angle":0.03513007238507271,"user/mode":"user","track/lap":5,"track/loc":-1}