{"cam/image_array":"9406_cam-image_array_.jpg","user/throttle":0.30000001192092898,"user/angle":0.31088757514953616,"user/mode":"user","track/lap":8,"track/loc":-1}