{"cam/image_array":"6714_cam-image_array_.jpg","user/throttle":0.30000001192092898,"user/angle":0.8501140475273132,"user/mode":"user","track/lap":6,"track/loc":-1}