{"cam/image_array":"1137_cam-image_array_.jpg","user/throttle":0.30000001192092898,"user/angle":0.06833759695291519,"user/mode":"user","track/lap":1,"track/loc":-1}