{"cam/image_array":"5578_cam-image_array_.jpg","user/throttle":0.30000001192092898,"user/angle":0.01661360077559948,"user/mode":"user","track/lap":5,"track/loc":-1}