{"cam/image_array":"318_cam-image_array_.jpg","user/throttle":0.30000001192092898,"user/angle":0.0006145975203253329,"user/mode":"user","track/lap":1,"track/loc":-1}