{"cam/image_array":"3176_cam-image_array_.jpg","user/throttle":0.30000001192092898,"user/angle":0.13896863162517548,"user/mode":"user","track/lap":3,"track/loc":-1}