{"cam/image_array":"10288_cam-image_array_.jpg","user/throttle":0.30000001192092898,"user/angle":0.2452741265296936,"user/mode":"user","track/lap":8,"track/loc":-1}