{"cam/image_array":"602_cam-image_array_.jpg","user/throttle":0.30000001192092898,"user/angle":0.13501198589801789,"user/mode":"user","track/lap":1,"track/loc":-1}