{"cam/image_array":"9422_cam-image_array_.jpg","user/throttle":0.30000001192092898,"user/angle":-0.3068002164363861,"user/mode":"user","track/lap":8,"track/loc":-1}