{"cam/image_array":"2174_cam-image_array_.jpg","user/throttle":0.30000001192092898,"user/angle":0.12484940886497498,"user/mode":"user","track/lap":2,"track/loc":-1}