{"cam/image_array":"529_cam-image_array_.jpg","user/throttle":0.30000001192092898,"user/angle":0.02468724176287651,"user/mode":"user","track/lap":1,"track/loc":-1}