{"cam/image_array":"2228_cam-image_array_.jpg","user/throttle":0.30000001192092898,"user/angle":-0.05631450191140175,"user/mode":"user","track/lap":2,"track/loc":-1}