{"cam/image_array":"7027_cam-image_array_.jpg","user/throttle":0.30000001192092898,"user/angle":-0.1772143393754959,"user/mode":"user","track/lap":6,"track/loc":-1}