{"cam/image_array":"9708_cam-image_array_.jpg","user/throttle":0.30000001192092898,"user/angle":0.9270813465118408,"user/mode":"user","track/lap":8,"track/loc":-1}