{"cam/image_array":"2938_cam-image_array_.jpg","user/throttle":0.30000001192092898,"user/angle":-0.2263977974653244,"user/mode":"user","track/lap":3,"track/loc":-1}