{"cam/image_array":"150_cam-image_array_.jpg","user/throttle":0.30000001192092898,"user/angle":-0.10330361127853394,"user/mode":"user","track/lap":1,"track/loc":-1}