{"cam/image_array":"4192_cam-image_array_.jpg","user/throttle":0.30000001192092898,"user/angle":0.05147511884570122,"user/mode":"user","track/lap":4,"track/loc":-1}