{"cam/image_array":"959_cam-image_array_.jpg","user/throttle":0.30000001192092898,"user/angle":0.13997776806354524,"user/mode":"user","track/lap":1,"track/loc":-1}