{"cam/image_array":"2447_cam-image_array_.jpg","user/throttle":0.30000001192092898,"user/angle":-0.14483924210071565,"user/mode":"user","track/lap":2,"track/loc":-1}