{"cam/image_array":"9235_cam-image_array_.jpg","user/throttle":0.30000001192092898,"user/angle":0.8751089572906494,"user/mode":"user","track/lap":8,"track/loc":-1}