{"cam/image_array":"1411_cam-image_array_.jpg","user/throttle":0.30000001192092898,"user/angle":-0.14155197143554688,"user/mode":"user","track/lap":1,"track/loc":-1}