{"cam/image_array":"5180_cam-image_array_.jpg","user/throttle":0.30000001192092898,"user/angle":-0.13960683345794679,"user/mode":"user","track/lap":4,"track/loc":-1}