{"cam/image_array":"2770_cam-image_array_.jpg","user/throttle":0.30000001192092898,"user/angle":-0.04044466093182564,"user/mode":"user","track/lap":2,"track/loc":-1}