{"cam/image_array":"8967_cam-image_array_.jpg","user/throttle":0.30000001192092898,"user/angle":-0.08570177108049393,"user/mode":"user","track/lap":7,"track/loc":-1}