{"cam/image_array":"9054_cam-image_array_.jpg","user/throttle":0.30000001192092898,"user/angle":-0.19930817186832429,"user/mode":"user","track/lap":7,"track/loc":-1}