{"cam/image_array":"322_cam-image_array_.jpg","user/throttle":0.30000001192092898,"user/angle":0.0027517906855791809,"user/mode":"user","track/lap":1,"track/loc":-1}