{"cam/image_array":"1839_cam-image_array_.jpg","user/throttle":0.30000001192092898,"user/angle":-0.5994641184806824,"user/mode":"user","track/lap":2,"track/loc":-1}