{"cam/image_array":"3764_cam-image_array_.jpg","user/throttle":0.30000001192092898,"user/angle":0.04193960130214691,"user/mode":"user","track/lap":3,"track/loc":-1}