{"cam/image_array":"9978_cam-image_array_.jpg","user/throttle":0.30000001192092898,"user/angle":-0.1018947884440422,"user/mode":"user","track/lap":8,"track/loc":-1}