{"cam/image_array":"4026_cam-image_array_.jpg","user/throttle":0.30000001192092898,"user/angle":0.0466635562479496,"user/mode":"user","track/lap":3,"track/loc":-1}