{"cam/image_array":"6350_cam-image_array_.jpg","user/throttle":0.30000001192092898,"user/angle":-0.1353253573179245,"user/mode":"user","track/lap":5,"track/loc":-1}