{"cam/image_array":"9203_cam-image_array_.jpg","user/throttle":0.30000001192092898,"user/angle":-0.7588008046150208,"user/mode":"user","track/lap":8,"track/loc":-1}