{"cam/image_array":"9254_cam-image_array_.jpg","user/throttle":0.30000001192092898,"user/angle":-0.09963367879390717,"user/mode":"user","track/lap":8,"track/loc":-1}