{"cam/image_array":"6836_cam-image_array_.jpg","user/throttle":0.30000001192092898,"user/angle":-0.34546196460723879,"user/mode":"user","track/lap":6,"track/loc":-1}