{"cam/image_array":"6120_cam-image_array_.jpg","user/throttle":0.30000001192092898,"user/angle":0.03104676492512226,"user/mode":"user","track/lap":5,"track/loc":-1}