{"cam/image_array":"338_cam-image_array_.jpg","user/throttle":0.30000001192092898,"user/angle":0.002595864236354828,"user/mode":"user","track/lap":1,"track/loc":-1}