{"cam/image_array":"1539_cam-image_array_.jpg","user/throttle":0.30000001192092898,"user/angle":-0.15032288432121278,"user/mode":"user","track/lap":1,"track/loc":-1}