{"cam/image_array":"1174_cam-image_array_.jpg","user/throttle":0.30000001192092898,"user/angle":0.37251776456832888,"user/mode":"user","track/lap":1,"track/loc":-1}