{"cam/image_array":"9226_cam-image_array_.jpg","user/throttle":0.30000001192092898,"user/angle":0.8537644743919373,"user/mode":"user","track/lap":8,"track/loc":-1}