{"cam/image_array":"5996_cam-image_array_.jpg","user/throttle":0.30000001192092898,"user/angle":0.033290278166532519,"user/mode":"user","track/lap":5,"track/loc":-1}