{"cam/image_array":"4117_cam-image_array_.jpg","user/throttle":0.30000001192092898,"user/angle":-0.07437203824520111,"user/mode":"user","track/lap":3,"track/loc":-1}