{"cam/image_array":"4771_cam-image_array_.jpg","user/throttle":0.30000001192092898,"user/angle":0.49975910782814028,"user/mode":"user","track/lap":4,"track/loc":-1}