{"cam/image_array":"4394_cam-image_array_.jpg","user/throttle":0.30000001192092898,"user/angle":-0.0854470506310463,"user/mode":"user","track/lap":4,"track/loc":-1}