{"cam/image_array":"208_cam-image_array_.jpg","user/throttle":0.30000001192092898,"user/angle":-0.06116386875510216,"user/mode":"user","track/lap":1,"track/loc":-1}