{"cam/image_array":"5208_cam-image_array_.jpg","user/throttle":0.30000001192092898,"user/angle":-0.8695017695426941,"user/mode":"user","track/lap":4,"track/loc":-1}