{"cam/image_array":"9170_cam-image_array_.jpg","user/throttle":0.30000001192092898,"user/angle":-0.7578190565109253,"user/mode":"user","track/lap":8,"track/loc":-1}