{"cam/image_array":"7243_cam-image_array_.jpg","user/throttle":0.30000001192092898,"user/angle":-0.0343446359038353,"user/mode":"user","track/lap":6,"track/loc":-1}