{"cam/image_array":"2743_cam-image_array_.jpg","user/throttle":0.30000001192092898,"user/angle":-0.7738702893257141,"user/mode":"user","track/lap":2,"track/loc":-1}