{"cam/image_array":"7339_cam-image_array_.jpg","user/throttle":0.30000001192092898,"user/angle":-0.3342956602573395,"user/mode":"user","track/lap":6,"track/loc":-1}