{"cam/image_array":"7551_cam-image_array_.jpg","user/throttle":0.30000001192092898,"user/angle":-0.06413347274065018,"user/mode":"user","track/lap":6,"track/loc":-1}