{"cam/image_array":"6711_cam-image_array_.jpg","user/throttle":0.30000001192092898,"user/angle":0.4282476007938385,"user/mode":"user","track/lap":6,"track/loc":-1}