{"cam/image_array":"2656_cam-image_array_.jpg","user/throttle":0.30000001192092898,"user/angle":0.5258637070655823,"user/mode":"user","track/lap":2,"track/loc":-1}