{"cam/image_array":"10134_cam-image_array_.jpg","user/throttle":0.30000001192092898,"user/angle":-0.10031082481145859,"user/mode":"user","track/lap":8,"track/loc":-1}