{"cam/image_array":"4025_cam-image_array_.jpg","user/throttle":0.30000001192092898,"user/angle":0.04660865664482117,"user/mode":"user","track/lap":3,"track/loc":-1}