{"cam/image_array":"228_cam-image_array_.jpg","user/throttle":0.30000001192092898,"user/angle":0.004744668956845999,"user/mode":"user","track/lap":1,"track/loc":-1}