{"cam/image_array":"6666_cam-image_array_.jpg","user/throttle":0.30000001192092898,"user/angle":-0.008074627257883549,"user/mode":"user","track/lap":5,"track/loc":-1}