{"cam/image_array":"6174_cam-image_array_.jpg","user/throttle":0.30000001192092898,"user/angle":-0.35952386260032656,"user/mode":"user","track/lap":5,"track/loc":-1}