{"cam/image_array":"5725_cam-image_array_.jpg","user/throttle":0.30000001192092898,"user/angle":-0.37635770440101626,"user/mode":"user","track/lap":5,"track/loc":-1}