{"cam/image_array":"1448_cam-image_array_.jpg","user/throttle":0.30000001192092898,"user/angle":-0.7109834551811218,"user/mode":"user","track/lap":1,"track/loc":-1}