{"cam/image_array":"296_cam-image_array_.jpg","user/throttle":0.30000001192092898,"user/angle":0.00138066615909338,"user/mode":"user","track/lap":1,"track/loc":-1}