{"cam/image_array":"2702_cam-image_array_.jpg","user/throttle":0.30000001192092898,"user/angle":-0.027084434404969217,"user/mode":"user","track/lap":2,"track/loc":-1}