{"cam/image_array":"5100_cam-image_array_.jpg","user/throttle":0.30000001192092898,"user/angle":-0.04263167828321457,"user/mode":"user","track/lap":4,"track/loc":-1}