{"cam/image_array":"5380_cam-image_array_.jpg","user/throttle":0.30000001192092898,"user/angle":0.1828930526971817,"user/mode":"user","track/lap":4,"track/loc":-1}