{"cam/image_array":"6334_cam-image_array_.jpg","user/throttle":0.30000001192092898,"user/angle":-0.16004705429077149,"user/mode":"user","track/lap":5,"track/loc":-1}