{"cam/image_array":"1491_cam-image_array_.jpg","user/throttle":0.30000001192092898,"user/angle":-0.006777841132134199,"user/mode":"user","track/lap":1,"track/loc":-1}