{"cam/image_array":"5078_cam-image_array_.jpg","user/throttle":0.30000001192092898,"user/angle":0.005188110750168562,"user/mode":"user","track/lap":4,"track/loc":-1}