{"cam/image_array":"8584_cam-image_array_.jpg","user/throttle":0.30000001192092898,"user/angle":-0.06560373306274414,"user/mode":"user","track/lap":7,"track/loc":-1}