{"cam/image_array":"9889_cam-image_array_.jpg","user/throttle":0.30000001192092898,"user/angle":0.2683010399341583,"user/mode":"user","track/lap":8,"track/loc":-1}