{"cam/image_array":"9041_cam-image_array_.jpg","user/throttle":0.30000001192092898,"user/angle":0.3220985531806946,"user/mode":"user","track/lap":7,"track/loc":-1}