{"cam/image_array":"10333_cam-image_array_.jpg","user/throttle":0.30000001192092898,"user/angle":-0.38204655051231387,"user/mode":"user","track/lap":9,"track/loc":-1}