{"cam/image_array":"1515_cam-image_array_.jpg","user/throttle":0.30000001192092898,"user/angle":-0.28642794489860537,"user/mode":"user","track/lap":1,"track/loc":-1}