{"cam/image_array":"614_cam-image_array_.jpg","user/throttle":0.30000001192092898,"user/angle":0.043494660407304767,"user/mode":"user","track/lap":1,"track/loc":-1}