{"cam/image_array":"3472_cam-image_array_.jpg","user/throttle":0.30000001192092898,"user/angle":0.8096524477005005,"user/mode":"user","track/lap":3,"track/loc":-1}