{"cam/image_array":"9045_cam-image_array_.jpg","user/throttle":0.30000001192092898,"user/angle":-0.42759451270103457,"user/mode":"user","track/lap":7,"track/loc":-1}