{"cam/image_array":"10407_cam-image_array_.jpg","user/throttle":0.30000001192092898,"user/angle":-0.7107632160186768,"user/mode":"user","track/lap":9,"track/loc":-1}