{"cam/image_array":"9591_cam-image_array_.jpg","user/throttle":0.30000001192092898,"user/angle":-0.7744168639183044,"user/mode":"user","track/lap":8,"track/loc":-1}