{"cam/image_array":"323_cam-image_array_.jpg","user/throttle":0.30000001192092898,"user/angle":-0.01643427275121212,"user/mode":"user","track/lap":1,"track/loc":-1}