{"cam/image_array":"1900_cam-image_array_.jpg","user/throttle":0.30000001192092898,"user/angle":-0.10205794125795365,"user/mode":"user","track/lap":2,"track/loc":-1}