{"cam/image_array":"6236_cam-image_array_.jpg","user/throttle":0.30000001192092898,"user/angle":0.9290332198143005,"user/mode":"user","track/lap":5,"track/loc":-1}