{"cam/image_array":"6089_cam-image_array_.jpg","user/throttle":0.30000001192092898,"user/angle":-0.22773367166519166,"user/mode":"user","track/lap":5,"track/loc":-1}