{"cam/image_array":"9892_cam-image_array_.jpg","user/throttle":0.30000001192092898,"user/angle":-0.31889039278030398,"user/mode":"user","track/lap":8,"track/loc":-1}