{"cam/image_array":"7372_cam-image_array_.jpg","user/throttle":0.30000001192092898,"user/angle":-0.0008905018330551684,"user/mode":"user","track/lap":6,"track/loc":-1}