{"cam/image_array":"1888_cam-image_array_.jpg","user/throttle":0.30000001192092898,"user/angle":-0.27038633823394778,"user/mode":"user","track/lap":2,"track/loc":-1}