{"cam/image_array":"1136_cam-image_array_.jpg","user/throttle":0.30000001192092898,"user/angle":-0.14071469008922578,"user/mode":"user","track/lap":1,"track/loc":-1}