{"cam/image_array":"3768_cam-image_array_.jpg","user/throttle":0.30000001192092898,"user/angle":-0.0972791314125061,"user/mode":"user","track/lap":3,"track/loc":-1}