{"cam/image_array":"10021_cam-image_array_.jpg","user/throttle":0.30000001192092898,"user/angle":-0.34369179606437685,"user/mode":"user","track/lap":8,"track/loc":-1}