{"cam/image_array":"10161_cam-image_array_.jpg","user/throttle":0.30000001192092898,"user/angle":-0.09373776614665985,"user/mode":"user","track/lap":8,"track/loc":-1}