{"cam/image_array":"2738_cam-image_array_.jpg","user/throttle":0.30000001192092898,"user/angle":0.49829918146133425,"user/mode":"user","track/lap":2,"track/loc":-1}