{"cam/image_array":"9153_cam-image_array_.jpg","user/throttle":0.30000001192092898,"user/angle":-0.15426114201545716,"user/mode":"user","track/lap":8,"track/loc":-1}