{"cam/image_array":"4712_cam-image_array_.jpg","user/throttle":0.30000001192092898,"user/angle":-0.15543600916862489,"user/mode":"user","track/lap":4,"track/loc":-1}