{"cam/image_array":"9550_cam-image_array_.jpg","user/throttle":0.30000001192092898,"user/angle":0.6079508662223816,"user/mode":"user","track/lap":8,"track/loc":-1}