{"cam/image_array":"320_cam-image_array_.jpg","user/throttle":0.30000001192092898,"user/angle":-0.021543819457292558,"user/mode":"user","track/lap":1,"track/loc":-1}