{"cam/image_array":"7522_cam-image_array_.jpg","user/throttle":0.30000001192092898,"user/angle":-0.3301880657672882,"user/mode":"user","track/lap":6,"track/loc":-1}