{"cam/image_array":"8717_cam-image_array_.jpg","user/throttle":0.30000001192092898,"user/angle":-0.39495304226875307,"user/mode":"user","track/lap":7,"track/loc":-1}