{"cam/image_array":"428_cam-image_array_.jpg","user/throttle":0.30000001192092898,"user/angle":0.23415809869766236,"user/mode":"user","track/lap":1,"track/loc":-1}