{"cam/image_array":"7921_cam-image_array_.jpg","user/throttle":0.30000001192092898,"user/angle":0.29038387537002566,"user/mode":"user","track/lap":6,"track/loc":-1}