{"cam/image_array":"1852_cam-image_array_.jpg","user/throttle":0.30000001192092898,"user/angle":-0.29163652658462527,"user/mode":"user","track/lap":2,"track/loc":-1}