{"cam/image_array":"9718_cam-image_array_.jpg","user/throttle":0.30000001192092898,"user/angle":0.40795910358428957,"user/mode":"user","track/lap":8,"track/loc":-1}