{"cam/image_array":"9709_cam-image_array_.jpg","user/throttle":0.30000001192092898,"user/angle":0.5005019307136536,"user/mode":"user","track/lap":8,"track/loc":-1}