{"cam/image_array":"1012_cam-image_array_.jpg","user/throttle":0.30000001192092898,"user/angle":-0.035338908433914188,"user/mode":"user","track/lap":1,"track/loc":-1}