{"cam/image_array":"1540_cam-image_array_.jpg","user/throttle":0.30000001192092898,"user/angle":-0.5047636032104492,"user/mode":"user","track/lap":1,"track/loc":-1}