{"cam/image_array":"8266_cam-image_array_.jpg","user/throttle":0.30000001192092898,"user/angle":-0.09751145541667938,"user/mode":"user","track/lap":7,"track/loc":-1}