{"cam/image_array":"2600_cam-image_array_.jpg","user/throttle":0.30000001192092898,"user/angle":-0.6681288480758667,"user/mode":"user","track/lap":2,"track/loc":-1}