{"cam/image_array":"237_cam-image_array_.jpg","user/throttle":0.30000001192092898,"user/angle":-0.051558949053287509,"user/mode":"user","track/lap":1,"track/loc":-1}