{"cam/image_array":"1378_cam-image_array_.jpg","user/throttle":0.30000001192092898,"user/angle":-0.003073550760746002,"user/mode":"user","track/lap":1,"track/loc":-1}