{"cam/image_array":"5713_cam-image_array_.jpg","user/throttle":0.30000001192092898,"user/angle":0.23295994102954865,"user/mode":"user","track/lap":5,"track/loc":-1}