{"cam/image_array":"9944_cam-image_array_.jpg","user/throttle":0.30000001192092898,"user/angle":-0.22617679834365846,"user/mode":"user","track/lap":8,"track/loc":-1}