{"cam/image_array":"6284_cam-image_array_.jpg","user/throttle":0.30000001192092898,"user/angle":0.09022480249404907,"user/mode":"user","track/lap":5,"track/loc":-1}