{"cam/image_array":"10225_cam-image_array_.jpg","user/throttle":0.30000001192092898,"user/angle":0.40484410524368288,"user/mode":"user","track/lap":8,"track/loc":-1}