{"cam/image_array":"7838_cam-image_array_.jpg","user/throttle":0.30000001192092898,"user/angle":-0.2105868011713028,"user/mode":"user","track/lap":6,"track/loc":-1}