{"cam/image_array":"3771_cam-image_array_.jpg","user/throttle":0.30000001192092898,"user/angle":0.07735669612884522,"user/mode":"user","track/lap":3,"track/loc":-1}