{"cam/image_array":"9742_cam-image_array_.jpg","user/throttle":0.30000001192092898,"user/angle":0.1411973237991333,"user/mode":"user","track/lap":8,"track/loc":-1}