{"cam/image_array":"1528_cam-image_array_.jpg","user/throttle":0.30000001192092898,"user/angle":-0.17289945483207704,"user/mode":"user","track/lap":1,"track/loc":-1}