{"cam/image_array":"1155_cam-image_array_.jpg","user/throttle":0.30000001192092898,"user/angle":-0.14557914435863496,"user/mode":"user","track/lap":1,"track/loc":-1}