{"cam/image_array":"2457_cam-image_array_.jpg","user/throttle":0.30000001192092898,"user/angle":-0.06772781908512116,"user/mode":"user","track/lap":2,"track/loc":-1}