{"cam/image_array":"4056_cam-image_array_.jpg","user/throttle":0.30000001192092898,"user/angle":-0.14115801453590394,"user/mode":"user","track/lap":3,"track/loc":-1}