{"cam/image_array":"1454_cam-image_array_.jpg","user/throttle":0.30000001192092898,"user/angle":0.6167081594467163,"user/mode":"user","track/lap":1,"track/loc":-1}