{"cam/image_array":"9491_cam-image_array_.jpg","user/throttle":0.30000001192092898,"user/angle":-0.4783896505832672,"user/mode":"user","track/lap":8,"track/loc":-1}