{"cam/image_array":"6124_cam-image_array_.jpg","user/throttle":0.30000001192092898,"user/angle":-0.06795868277549744,"user/mode":"user","track/lap":5,"track/loc":-1}