{"cam/image_array":"3107_cam-image_array_.jpg","user/throttle":0.30000001192092898,"user/angle":0.6755207777023315,"user/mode":"user","track/lap":3,"track/loc":-1}