{"cam/image_array":"4593_cam-image_array_.jpg","user/throttle":0.30000001192092898,"user/angle":0.49427545070648196,"user/mode":"user","track/lap":4,"track/loc":-1}