{"cam/image_array":"243_cam-image_array_.jpg","user/throttle":0.30000001192092898,"user/angle":-0.02975025214254856,"user/mode":"user","track/lap":1,"track/loc":-1}