{"cam/image_array":"2704_cam-image_array_.jpg","user/throttle":0.30000001192092898,"user/angle":0.2457151710987091,"user/mode":"user","track/lap":2,"track/loc":-1}