{"cam/image_array":"1490_cam-image_array_.jpg","user/throttle":0.30000001192092898,"user/angle":0.1933370977640152,"user/mode":"user","track/lap":1,"track/loc":-1}