{"cam/image_array":"2244_cam-image_array_.jpg","user/throttle":0.30000001192092898,"user/angle":-0.06083434075117111,"user/mode":"user","track/lap":2,"track/loc":-1}