{"cam/image_array":"1295_cam-image_array_.jpg","user/throttle":0.30000001192092898,"user/angle":0.3066157102584839,"user/mode":"user","track/lap":1,"track/loc":-1}