{"cam/image_array":"8569_cam-image_array_.jpg","user/throttle":0.30000001192092898,"user/angle":0.16917848587036134,"user/mode":"user","track/lap":7,"track/loc":-1}