{"cam/image_array":"1681_cam-image_array_.jpg","user/throttle":0.30000001192092898,"user/angle":-0.06025629863142967,"user/mode":"user","track/lap":2,"track/loc":-1}