{"cam/image_array":"784_cam-image_array_.jpg","user/throttle":0.30000001192092898,"user/angle":-0.13003112375736237,"user/mode":"user","track/lap":1,"track/loc":-1}