{"cam/image_array":"4688_cam-image_array_.jpg","user/throttle":0.30000001192092898,"user/angle":-0.2505235970020294,"user/mode":"user","track/lap":4,"track/loc":-1}