{"cam/image_array":"6320_cam-image_array_.jpg","user/throttle":0.30000001192092898,"user/angle":-0.10502207279205322,"user/mode":"user","track/lap":5,"track/loc":-1}