{"cam/image_array":"3772_cam-image_array_.jpg","user/throttle":0.30000001192092898,"user/angle":0.034471020102500918,"user/mode":"user","track/lap":3,"track/loc":-1}