{"cam/image_array":"3858_cam-image_array_.jpg","user/throttle":0.30000001192092898,"user/angle":0.44603368639945986,"user/mode":"user","track/lap":3,"track/loc":-1}