{"cam/image_array":"7657_cam-image_array_.jpg","user/throttle":0.30000001192092898,"user/angle":-0.1891166716814041,"user/mode":"user","track/lap":6,"track/loc":-1}