{"cam/image_array":"1003_cam-image_array_.jpg","user/throttle":0.30000001192092898,"user/angle":0.12341803312301636,"user/mode":"user","track/lap":1,"track/loc":-1}