{"cam/image_array":"4120_cam-image_array_.jpg","user/throttle":0.30000001192092898,"user/angle":-0.20021583139896394,"user/mode":"user","track/lap":3,"track/loc":-1}