{"cam/image_array":"6126_cam-image_array_.jpg","user/throttle":0.30000001192092898,"user/angle":0.13478854298591615,"user/mode":"user","track/lap":5,"track/loc":-1}