{"cam/image_array":"3301_cam-image_array_.jpg","user/throttle":0.30000001192092898,"user/angle":0.5617014765739441,"user/mode":"user","track/lap":3,"track/loc":-1}