{"cam/image_array":"2407_cam-image_array_.jpg","user/throttle":0.30000001192092898,"user/angle":-0.7087475657463074,"user/mode":"user","track/lap":2,"track/loc":-1}