{"cam/image_array":"1140_cam-image_array_.jpg","user/throttle":0.30000001192092898,"user/angle":0.16185836493968965,"user/mode":"user","track/lap":1,"track/loc":-1}