{"cam/image_array":"6765_cam-image_array_.jpg","user/throttle":0.30000001192092898,"user/angle":0.5175078511238098,"user/mode":"user","track/lap":6,"track/loc":-1}