{"cam/image_array":"5919_cam-image_array_.jpg","user/throttle":0.30000001192092898,"user/angle":-0.5528151988983154,"user/mode":"user","track/lap":5,"track/loc":-1}