{"cam/image_array":"9399_cam-image_array_.jpg","user/throttle":0.30000001192092898,"user/angle":0.29546618461608889,"user/mode":"user","track/lap":8,"track/loc":-1}