{"cam/image_array":"3563_cam-image_array_.jpg","user/throttle":0.30000001192092898,"user/angle":-0.0024582594633102419,"user/mode":"user","track/lap":3,"track/loc":-1}