{"cam/image_array":"3969_cam-image_array_.jpg","user/throttle":0.30000001192092898,"user/angle":0.09778603911399842,"user/mode":"user","track/lap":3,"track/loc":-1}