{"cam/image_array":"3941_cam-image_array_.jpg","user/throttle":0.30000001192092898,"user/angle":-0.0690658688545227,"user/mode":"user","track/lap":3,"track/loc":-1}