{"cam/image_array":"5425_cam-image_array_.jpg","user/throttle":0.30000001192092898,"user/angle":-0.0755872130393982,"user/mode":"user","track/lap":4,"track/loc":-1}