{"cam/image_array":"4390_cam-image_array_.jpg","user/throttle":0.30000001192092898,"user/angle":-0.9057403802871704,"user/mode":"user","track/lap":4,"track/loc":-1}