{"cam/image_array":"6655_cam-image_array_.jpg","user/throttle":0.30000001192092898,"user/angle":-0.13643279671669007,"user/mode":"user","track/lap":5,"track/loc":-1}