{"cam/image_array":"1607_cam-image_array_.jpg","user/throttle":0.30000001192092898,"user/angle":0.1929759979248047,"user/mode":"user","track/lap":2,"track/loc":-1}