{"cam/image_array":"1225_cam-image_array_.jpg","user/throttle":0.30000001192092898,"user/angle":-0.1615234613418579,"user/mode":"user","track/lap":1,"track/loc":-1}