{"cam/image_array":"8064_cam-image_array_.jpg","user/throttle":0.30000001192092898,"user/angle":-0.06509106606245041,"user/mode":"user","track/lap":7,"track/loc":-1}