{"cam/image_array":"8951_cam-image_array_.jpg","user/throttle":0.30000001192092898,"user/angle":-0.20351801812648774,"user/mode":"user","track/lap":7,"track/loc":-1}