{"cam/image_array":"1902_cam-image_array_.jpg","user/throttle":0.30000001192092898,"user/angle":0.019077681005001069,"user/mode":"user","track/lap":2,"track/loc":-1}