{"cam/image_array":"7214_cam-image_array_.jpg","user/throttle":0.30000001192092898,"user/angle":0.3941481411457062,"user/mode":"user","track/lap":6,"track/loc":-1}