{"cam/image_array":"5297_cam-image_array_.jpg","user/throttle":0.30000001192092898,"user/angle":0.29527023434638979,"user/mode":"user","track/lap":4,"track/loc":-1}