{"cam/image_array":"9253_cam-image_array_.jpg","user/throttle":0.30000001192092898,"user/angle":0.4557296931743622,"user/mode":"user","track/lap":8,"track/loc":-1}