{"cam/image_array":"6786_cam-image_array_.jpg","user/throttle":0.30000001192092898,"user/angle":0.14461582899093629,"user/mode":"user","track/lap":6,"track/loc":-1}