{"cam/image_array":"2917_cam-image_array_.jpg","user/throttle":0.30000001192092898,"user/angle":0.30408886075019839,"user/mode":"user","track/lap":3,"track/loc":-1}