{"cam/image_array":"555_cam-image_array_.jpg","user/throttle":0.30000001192092898,"user/angle":0.35862135887145998,"user/mode":"user","track/lap":1,"track/loc":-1}