{"cam/image_array":"2321_cam-image_array_.jpg","user/throttle":0.30000001192092898,"user/angle":0.4830946624279022,"user/mode":"user","track/lap":2,"track/loc":-1}