{"cam/image_array":"2118_cam-image_array_.jpg","user/throttle":0.30000001192092898,"user/angle":-0.8524991273880005,"user/mode":"user","track/lap":2,"track/loc":-1}