{"cam/image_array":"599_cam-image_array_.jpg","user/throttle":0.30000001192092898,"user/angle":-0.38678982853889468,"user/mode":"user","track/lap":1,"track/loc":-1}