{"cam/image_array":"1990_cam-image_array_.jpg","user/throttle":0.30000001192092898,"user/angle":0.1836700141429901,"user/mode":"user","track/lap":2,"track/loc":-1}