{"cam/image_array":"7648_cam-image_array_.jpg","user/throttle":0.30000001192092898,"user/angle":0.00006449734792113304,"user/mode":"user","track/lap":6,"track/loc":-1}