{"cam/image_array":"9658_cam-image_array_.jpg","user/throttle":0.30000001192092898,"user/angle":-0.021816154941916467,"user/mode":"user","track/lap":8,"track/loc":-1}