{"cam/image_array":"3921_cam-image_array_.jpg","user/throttle":0.30000001192092898,"user/angle":0.15051835775375367,"user/mode":"user","track/lap":3,"track/loc":-1}