{"cam/image_array":"9973_cam-image_array_.jpg","user/throttle":0.30000001192092898,"user/angle":0.4543081820011139,"user/mode":"user","track/lap":8,"track/loc":-1}