{"cam/image_array":"2899_cam-image_array_.jpg","user/throttle":0.30000001192092898,"user/angle":0.2117196023464203,"user/mode":"user","track/lap":3,"track/loc":-1}