{"cam/image_array":"10158_cam-image_array_.jpg","user/throttle":0.30000001192092898,"user/angle":0.0019807720091193916,"user/mode":"user","track/lap":8,"track/loc":-1}