{"cam/image_array":"136_cam-image_array_.jpg","user/throttle":0.30000001192092898,"user/angle":0.05907480791211128,"user/mode":"user","track/lap":1,"track/loc":-1}