{"cam/image_array":"2894_cam-image_array_.jpg","user/throttle":0.30000001192092898,"user/angle":0.4215368926525116,"user/mode":"user","track/lap":3,"track/loc":-1}