{"cam/image_array":"213_cam-image_array_.jpg","user/throttle":0.30000001192092898,"user/angle":0.005551327485591173,"user/mode":"user","track/lap":1,"track/loc":-1}