{"cam/image_array":"9373_cam-image_array_.jpg","user/throttle":0.30000001192092898,"user/angle":0.48322418332099917,"user/mode":"user","track/lap":8,"track/loc":-1}