{"cam/image_array":"3450_cam-image_array_.jpg","user/throttle":0.30000001192092898,"user/angle":-0.4778309166431427,"user/mode":"user","track/lap":3,"track/loc":-1}