{"cam/image_array":"10100_cam-image_array_.jpg","user/throttle":0.30000001192092898,"user/angle":-0.07211785018444061,"user/mode":"user","track/lap":8,"track/loc":-1}