{"cam/image_array":"231_cam-image_array_.jpg","user/throttle":0.30000001192092898,"user/angle":0.0009226151159964502,"user/mode":"user","track/lap":1,"track/loc":-1}