{"cam/image_array":"6349_cam-image_array_.jpg","user/throttle":0.30000001192092898,"user/angle":-0.2322474718093872,"user/mode":"user","track/lap":5,"track/loc":-1}