{"cam/image_array":"5770_cam-image_array_.jpg","user/throttle":0.30000001192092898,"user/angle":-0.11183131486177445,"user/mode":"user","track/lap":5,"track/loc":-1}