{"cam/image_array":"280_cam-image_array_.jpg","user/throttle":0.30000001192092898,"user/angle":-0.020373336970806123,"user/mode":"user","track/lap":1,"track/loc":-1}