{"cam/image_array":"7239_cam-image_array_.jpg","user/throttle":0.30000001192092898,"user/angle":0.7103954553604126,"user/mode":"user","track/lap":6,"track/loc":-1}