{"cam/image_array":"1184_cam-image_array_.jpg","user/throttle":0.30000001192092898,"user/angle":0.016325244680047036,"user/mode":"user","track/lap":1,"track/loc":-1}