{"cam/image_array":"5196_cam-image_array_.jpg","user/throttle":0.30000001192092898,"user/angle":-0.6961210370063782,"user/mode":"user","track/lap":4,"track/loc":-1}