{"cam/image_array":"6773_cam-image_array_.jpg","user/throttle":0.30000001192092898,"user/angle":-0.3033100962638855,"user/mode":"user","track/lap":6,"track/loc":-1}