{"cam/image_array":"10141_cam-image_array_.jpg","user/throttle":0.30000001192092898,"user/angle":-0.040012311190366748,"user/mode":"user","track/lap":8,"track/loc":-1}