{"cam/image_array":"7813_cam-image_array_.jpg","user/throttle":0.30000001192092898,"user/angle":0.0008355406462214887,"user/mode":"user","track/lap":6,"track/loc":-1}