{"cam/image_array":"3444_cam-image_array_.jpg","user/throttle":0.30000001192092898,"user/angle":0.9426497220993042,"user/mode":"user","track/lap":3,"track/loc":-1}