{"cam/image_array":"255_cam-image_array_.jpg","user/throttle":0.30000001192092898,"user/angle":-0.029628466814756395,"user/mode":"user","track/lap":1,"track/loc":-1}