{"cam/image_array":"9537_cam-image_array_.jpg","user/throttle":0.30000001192092898,"user/angle":0.22243604063987733,"user/mode":"user","track/lap":8,"track/loc":-1}