{"cam/image_array":"207_cam-image_array_.jpg","user/throttle":0.30000001192092898,"user/angle":0.011300797574222088,"user/mode":"user","track/lap":1,"track/loc":-1}