{"cam/image_array":"10099_cam-image_array_.jpg","user/throttle":0.30000001192092898,"user/angle":0.18501564860343934,"user/mode":"user","track/lap":8,"track/loc":-1}