{"cam/image_array":"556_cam-image_array_.jpg","user/throttle":0.30000001192092898,"user/angle":0.29464414715766909,"user/mode":"user","track/lap":1,"track/loc":-1}