{"cam/image_array":"274_cam-image_array_.jpg","user/throttle":0.30000001192092898,"user/angle":-0.015261847525835038,"user/mode":"user","track/lap":1,"track/loc":-1}