{"cam/image_array":"7998_cam-image_array_.jpg","user/throttle":0.30000001192092898,"user/angle":-0.00006399425183190033,"user/mode":"user","track/lap":7,"track/loc":-1}