{"cam/image_array":"174_cam-image_array_.jpg","user/throttle":0.30000001192092898,"user/angle":0.0008109090267680585,"user/mode":"user","track/lap":1,"track/loc":-1}