{"cam/image_array":"1625_cam-image_array_.jpg","user/throttle":0.30000001192092898,"user/angle":-0.3428443968296051,"user/mode":"user","track/lap":2,"track/loc":-1}