{"cam/image_array":"6950_cam-image_array_.jpg","user/throttle":0.30000001192092898,"user/angle":-0.013515030965209008,"user/mode":"user","track/lap":6,"track/loc":-1}