{"cam/image_array":"2865_cam-image_array_.jpg","user/throttle":0.30000001192092898,"user/angle":-0.8297987580299377,"user/mode":"user","track/lap":3,"track/loc":-1}