{"cam/image_array":"1792_cam-image_array_.jpg","user/throttle":0.30000001192092898,"user/angle":-0.5301439762115479,"user/mode":"user","track/lap":2,"track/loc":-1}