{"cam/image_array":"7806_cam-image_array_.jpg","user/throttle":0.30000001192092898,"user/angle":-0.1410934180021286,"user/mode":"user","track/lap":6,"track/loc":-1}