{"cam/image_array":"10275_cam-image_array_.jpg","user/throttle":0.30000001192092898,"user/angle":-0.3283357620239258,"user/mode":"user","track/lap":8,"track/loc":-1}