{"cam/image_array":"9960_cam-image_array_.jpg","user/throttle":0.30000001192092898,"user/angle":0.04892345145344734,"user/mode":"user","track/lap":8,"track/loc":-1}