{"cam/image_array":"5726_cam-image_array_.jpg","user/throttle":0.30000001192092898,"user/angle":0.6060530543327332,"user/mode":"user","track/lap":5,"track/loc":-1}