{"cam/image_array":"10146_cam-image_array_.jpg","user/throttle":0.30000001192092898,"user/angle":0.06944076716899872,"user/mode":"user","track/lap":8,"track/loc":-1}