{"cam/image_array":"5779_cam-image_array_.jpg","user/throttle":0.30000001192092898,"user/angle":-0.07784676551818848,"user/mode":"user","track/lap":5,"track/loc":-1}