{"cam/image_array":"1944_cam-image_array_.jpg","user/throttle":0.30000001192092898,"user/angle":0.9397723078727722,"user/mode":"user","track/lap":2,"track/loc":-1}