{"cam/image_array":"10298_cam-image_array_.jpg","user/throttle":0.30000001192092898,"user/angle":0.0636298805475235,"user/mode":"user","track/lap":8,"track/loc":-1}