{"cam/image_array":"181_cam-image_array_.jpg","user/throttle":0.30000001192092898,"user/angle":0.018968908116221429,"user/mode":"user","track/lap":1,"track/loc":-1}