{"cam/image_array":"141_cam-image_array_.jpg","user/throttle":0.30000001192092898,"user/angle":0.01929975114762783,"user/mode":"user","track/lap":1,"track/loc":-1}