{"cam/image_array":"659_cam-image_array_.jpg","user/throttle":0.30000001192092898,"user/angle":0.08772038668394089,"user/mode":"user","track/lap":1,"track/loc":-1}