{"cam/image_array":"1206_cam-image_array_.jpg","user/throttle":0.30000001192092898,"user/angle":0.27293914556503298,"user/mode":"user","track/lap":1,"track/loc":-1}