{"cam/image_array":"1070_cam-image_array_.jpg","user/throttle":0.30000001192092898,"user/angle":-0.35898062586784365,"user/mode":"user","track/lap":1,"track/loc":-1}