{"cam/image_array":"198_cam-image_array_.jpg","user/throttle":0.30000001192092898,"user/angle":0.007941610179841519,"user/mode":"user","track/lap":1,"track/loc":-1}