{"cam/image_array":"9632_cam-image_array_.jpg","user/throttle":0.30000001192092898,"user/angle":0.4716678559780121,"user/mode":"user","track/lap":8,"track/loc":-1}