{"cam/image_array":"2839_cam-image_array_.jpg","user/throttle":0.30000001192092898,"user/angle":-0.06380070745944977,"user/mode":"user","track/lap":2,"track/loc":-1}