{"cam/image_array":"8504_cam-image_array_.jpg","user/throttle":0.30000001192092898,"user/angle":0.8971935510635376,"user/mode":"user","track/lap":7,"track/loc":-1}