{"cam/image_array":"2136_cam-image_array_.jpg","user/throttle":0.30000001192092898,"user/angle":0.6232954859733582,"user/mode":"user","track/lap":2,"track/loc":-1}