{"cam/image_array":"1343_cam-image_array_.jpg","user/throttle":0.30000001192092898,"user/angle":-0.23072513937950135,"user/mode":"user","track/lap":1,"track/loc":-1}