{"cam/image_array":"9084_cam-image_array_.jpg","user/throttle":0.30000001192092898,"user/angle":-0.29817742109298708,"user/mode":"user","track/lap":7,"track/loc":-1}