{"cam/image_array":"7956_cam-image_array_.jpg","user/throttle":0.30000001192092898,"user/angle":-0.4124637246131897,"user/mode":"user","track/lap":6,"track/loc":-1}