{"cam/image_array":"1440_cam-image_array_.jpg","user/throttle":0.30000001192092898,"user/angle":-0.7545090317726135,"user/mode":"user","track/lap":1,"track/loc":-1}