{"cam/image_array":"6283_cam-image_array_.jpg","user/throttle":0.30000001192092898,"user/angle":0.19271965324878694,"user/mode":"user","track/lap":5,"track/loc":-1}