{"cam/image_array":"108_cam-image_array_.jpg","user/throttle":0.30000001192092898,"user/angle":0.13031838834285737,"user/mode":"user","track/lap":1,"track/loc":-1}