{"cam/image_array":"1606_cam-image_array_.jpg","user/throttle":0.30000001192092898,"user/angle":0.24081867933273316,"user/mode":"user","track/lap":2,"track/loc":-1}