{"cam/image_array":"5585_cam-image_array_.jpg","user/throttle":0.30000001192092898,"user/angle":0.021271638572216035,"user/mode":"user","track/lap":5,"track/loc":-1}