{"cam/image_array":"156_cam-image_array_.jpg","user/throttle":0.30000001192092898,"user/angle":-0.07003284990787506,"user/mode":"user","track/lap":1,"track/loc":-1}