{"cam/image_array":"9494_cam-image_array_.jpg","user/throttle":0.30000001192092898,"user/angle":-0.8986387252807617,"user/mode":"user","track/lap":8,"track/loc":-1}