{"cam/image_array":"5489_cam-image_array_.jpg","user/throttle":0.30000001192092898,"user/angle":-0.10357669740915299,"user/mode":"user","track/lap":5,"track/loc":-1}