{"cam/image_array":"7295_cam-image_array_.jpg","user/throttle":0.30000001192092898,"user/angle":-0.4329749643802643,"user/mode":"user","track/lap":6,"track/loc":-1}