{"cam/image_array":"4823_cam-image_array_.jpg","user/throttle":0.30000001192092898,"user/angle":-0.16866329312324525,"user/mode":"user","track/lap":4,"track/loc":-1}