{"cam/image_array":"8516_cam-image_array_.jpg","user/throttle":0.30000001192092898,"user/angle":0.44838616251945498,"user/mode":"user","track/lap":7,"track/loc":-1}