{"cam/image_array":"5969_cam-image_array_.jpg","user/throttle":0.30000001192092898,"user/angle":-0.051244787871837619,"user/mode":"user","track/lap":5,"track/loc":-1}