{"cam/image_array":"886_cam-image_array_.jpg","user/throttle":0.30000001192092898,"user/angle":0.30264124274253847,"user/mode":"user","track/lap":1,"track/loc":-1}