{"cam/image_array":"1238_cam-image_array_.jpg","user/throttle":0.30000001192092898,"user/angle":-0.6823869347572327,"user/mode":"user","track/lap":1,"track/loc":-1}