{"cam/image_array":"2398_cam-image_array_.jpg","user/throttle":0.30000001192092898,"user/angle":0.8224910497665405,"user/mode":"user","track/lap":2,"track/loc":-1}