{"cam/image_array":"9227_cam-image_array_.jpg","user/throttle":0.30000001192092898,"user/angle":0.7742469906806946,"user/mode":"user","track/lap":8,"track/loc":-1}