{"cam/image_array":"3732_cam-image_array_.jpg","user/throttle":0.30000001192092898,"user/angle":0.29410168528556826,"user/mode":"user","track/lap":3,"track/loc":-1}