{"cam/image_array":"8029_cam-image_array_.jpg","user/throttle":0.30000001192092898,"user/angle":0.44307786226272585,"user/mode":"user","track/lap":7,"track/loc":-1}