{"cam/image_array":"5882_cam-image_array_.jpg","user/throttle":0.30000001192092898,"user/angle":0.48282766342163088,"user/mode":"user","track/lap":5,"track/loc":-1}