{"cam/image_array":"10222_cam-image_array_.jpg","user/throttle":0.30000001192092898,"user/angle":-0.09474173933267594,"user/mode":"user","track/lap":8,"track/loc":-1}