{"cam/image_array":"1518_cam-image_array_.jpg","user/throttle":0.30000001192092898,"user/angle":0.022854767739772798,"user/mode":"user","track/lap":1,"track/loc":-1}