{"cam/image_array":"10291_cam-image_array_.jpg","user/throttle":0.30000001192092898,"user/angle":0.39351385831832888,"user/mode":"user","track/lap":8,"track/loc":-1}