{"cam/image_array":"9026_cam-image_array_.jpg","user/throttle":0.30000001192092898,"user/angle":-0.9246903657913208,"user/mode":"user","track/lap":7,"track/loc":-1}