{"cam/image_array":"9188_cam-image_array_.jpg","user/throttle":0.30000001192092898,"user/angle":0.7877994179725647,"user/mode":"user","track/lap":8,"track/loc":-1}