{"cam/image_array":"1190_cam-image_array_.jpg","user/throttle":0.30000001192092898,"user/angle":0.2886278033256531,"user/mode":"user","track/lap":1,"track/loc":-1}