{"cam/image_array":"8721_cam-image_array_.jpg","user/throttle":0.30000001192092898,"user/angle":0.6376402974128723,"user/mode":"user","track/lap":7,"track/loc":-1}