{"cam/image_array":"8827_cam-image_array_.jpg","user/throttle":0.30000001192092898,"user/angle":-0.07211702316999436,"user/mode":"user","track/lap":7,"track/loc":-1}