{"cam/image_array":"3377_cam-image_array_.jpg","user/throttle":0.30000001192092898,"user/angle":0.20994429290294648,"user/mode":"user","track/lap":3,"track/loc":-1}