{"cam/image_array":"3316_cam-image_array_.jpg","user/throttle":0.30000001192092898,"user/angle":-0.08477906882762909,"user/mode":"user","track/lap":3,"track/loc":-1}