{"cam/image_array":"4863_cam-image_array_.jpg","user/throttle":0.30000001192092898,"user/angle":0.1747266948223114,"user/mode":"user","track/lap":4,"track/loc":-1}