{"cam/image_array":"440_cam-image_array_.jpg","user/throttle":0.30000001192092898,"user/angle":0.23605266213417054,"user/mode":"user","track/lap":1,"track/loc":-1}