{"cam/image_array":"10200_cam-image_array_.jpg","user/throttle":0.30000001192092898,"user/angle":0.0006369880866259337,"user/mode":"user","track/lap":8,"track/loc":-1}