{"cam/image_array":"4131_cam-image_array_.jpg","user/throttle":0.30000001192092898,"user/angle":-0.42068392038345339,"user/mode":"user","track/lap":3,"track/loc":-1}