{"cam/image_array":"4838_cam-image_array_.jpg","user/throttle":0.30000001192092898,"user/angle":0.14133159816265107,"user/mode":"user","track/lap":4,"track/loc":-1}