{"cam/image_array":"9225_cam-image_array_.jpg","user/throttle":0.30000001192092898,"user/angle":0.7124518156051636,"user/mode":"user","track/lap":8,"track/loc":-1}