{"cam/image_array":"10260_cam-image_array_.jpg","user/throttle":0.30000001192092898,"user/angle":0.340224951505661,"user/mode":"user","track/lap":8,"track/loc":-1}