{"cam/image_array":"3531_cam-image_array_.jpg","user/throttle":0.30000001192092898,"user/angle":0.08332712948322296,"user/mode":"user","track/lap":3,"track/loc":-1}