{"cam/image_array":"1473_cam-image_array_.jpg","user/throttle":0.30000001192092898,"user/angle":-0.5886634588241577,"user/mode":"user","track/lap":1,"track/loc":-1}