{"cam/image_array":"10214_cam-image_array_.jpg","user/throttle":0.30000001192092898,"user/angle":0.44096750020980837,"user/mode":"user","track/lap":8,"track/loc":-1}