{"cam/image_array":"5387_cam-image_array_.jpg","user/throttle":0.30000001192092898,"user/angle":0.07027547061443329,"user/mode":"user","track/lap":4,"track/loc":-1}