{"cam/image_array":"5132_cam-image_array_.jpg","user/throttle":0.30000001192092898,"user/angle":-0.45744025707244875,"user/mode":"user","track/lap":4,"track/loc":-1}