{"cam/image_array":"6618_cam-image_array_.jpg","user/throttle":0.30000001192092898,"user/angle":0.4895833432674408,"user/mode":"user","track/lap":5,"track/loc":-1}