{"cam/image_array":"7831_cam-image_array_.jpg","user/throttle":0.30000001192092898,"user/angle":-0.09043876081705094,"user/mode":"user","track/lap":6,"track/loc":-1}