{"cam/image_array":"5517_cam-image_array_.jpg","user/throttle":0.30000001192092898,"user/angle":0.11018328368663788,"user/mode":"user","track/lap":5,"track/loc":-1}