{"cam/image_array":"2490_cam-image_array_.jpg","user/throttle":0.30000001192092898,"user/angle":0.27523165941238406,"user/mode":"user","track/lap":2,"track/loc":-1}