{"cam/image_array":"1984_cam-image_array_.jpg","user/throttle":0.30000001192092898,"user/angle":0.41100066900253298,"user/mode":"user","track/lap":2,"track/loc":-1}