{"cam/image_array":"324_cam-image_array_.jpg","user/throttle":0.30000001192092898,"user/angle":0.0000965643412200734,"user/mode":"user","track/lap":1,"track/loc":-1}