{"cam/image_array":"4122_cam-image_array_.jpg","user/throttle":0.30000001192092898,"user/angle":-0.23110714554786683,"user/mode":"user","track/lap":3,"track/loc":-1}