{"cam/image_array":"5260_cam-image_array_.jpg","user/throttle":0.30000001192092898,"user/angle":0.47285598516464236,"user/mode":"user","track/lap":4,"track/loc":-1}