{"cam/image_array":"6753_cam-image_array_.jpg","user/throttle":0.30000001192092898,"user/angle":0.09674760699272156,"user/mode":"user","track/lap":6,"track/loc":-1}