{"cam/image_array":"9561_cam-image_array_.jpg","user/throttle":0.30000001192092898,"user/angle":0.0365537628531456,"user/mode":"user","track/lap":8,"track/loc":-1}