{"cam/image_array":"7619_cam-image_array_.jpg","user/throttle":0.30000001192092898,"user/angle":-0.07822038233280182,"user/mode":"user","track/lap":6,"track/loc":-1}