{"cam/image_array":"1007_cam-image_array_.jpg","user/throttle":0.30000001192092898,"user/angle":0.22203460335731507,"user/mode":"user","track/lap":1,"track/loc":-1}