{"cam/image_array":"5552_cam-image_array_.jpg","user/throttle":0.30000001192092898,"user/angle":0.0029129546601325275,"user/mode":"user","track/lap":5,"track/loc":-1}