{"cam/image_array":"2870_cam-image_array_.jpg","user/throttle":0.30000001192092898,"user/angle":0.45850712060928347,"user/mode":"user","track/lap":3,"track/loc":-1}