{"cam/image_array":"6368_cam-image_array_.jpg","user/throttle":0.30000001192092898,"user/angle":-0.08440423011779785,"user/mode":"user","track/lap":5,"track/loc":-1}