{"cam/image_array":"7996_cam-image_array_.jpg","user/throttle":0.30000001192092898,"user/angle":0.4630265533924103,"user/mode":"user","track/lap":7,"track/loc":-1}