{"cam/image_array":"1600_cam-image_array_.jpg","user/throttle":0.30000001192092898,"user/angle":-0.48836222290992739,"user/mode":"user","track/lap":2,"track/loc":-1}