{"cam/image_array":"7995_cam-image_array_.jpg","user/throttle":0.30000001192092898,"user/angle":0.3412454426288605,"user/mode":"user","track/lap":7,"track/loc":-1}