{"cam/image_array":"7175_cam-image_array_.jpg","user/throttle":0.30000001192092898,"user/angle":-0.5022907257080078,"user/mode":"user","track/lap":6,"track/loc":-1}