{"cam/image_array":"4854_cam-image_array_.jpg","user/throttle":0.30000001192092898,"user/angle":-0.10092919319868088,"user/mode":"user","track/lap":4,"track/loc":-1}