{"cam/image_array":"2927_cam-image_array_.jpg","user/throttle":0.30000001192092898,"user/angle":-0.23494067788124085,"user/mode":"user","track/lap":3,"track/loc":-1}