{"cam/image_array":"3105_cam-image_array_.jpg","user/throttle":0.30000001192092898,"user/angle":-0.03593724966049194,"user/mode":"user","track/lap":3,"track/loc":-1}