{"cam/image_array":"2402_cam-image_array_.jpg","user/throttle":0.30000001192092898,"user/angle":-0.2140919417142868,"user/mode":"user","track/lap":2,"track/loc":-1}