{"cam/image_array":"2002_cam-image_array_.jpg","user/throttle":0.30000001192092898,"user/angle":0.07207436859607697,"user/mode":"user","track/lap":2,"track/loc":-1}