{"cam/image_array":"1673_cam-image_array_.jpg","user/throttle":0.30000001192092898,"user/angle":0.03938695415854454,"user/mode":"user","track/lap":2,"track/loc":-1}