{"cam/image_array":"9669_cam-image_array_.jpg","user/throttle":0.30000001192092898,"user/angle":0.9000978469848633,"user/mode":"user","track/lap":8,"track/loc":-1}