{"cam/image_array":"10406_cam-image_array_.jpg","user/throttle":0.30000001192092898,"user/angle":-0.46589431166648867,"user/mode":"user","track/lap":9,"track/loc":-1}