{"cam/image_array":"9508_cam-image_array_.jpg","user/throttle":0.30000001192092898,"user/angle":-0.5537144541740418,"user/mode":"user","track/lap":8,"track/loc":-1}