{"cam/image_array":"10237_cam-image_array_.jpg","user/throttle":0.30000001192092898,"user/angle":0.4347442090511322,"user/mode":"user","track/lap":8,"track/loc":-1}