{"initial_reset_timestamp": 1616076543.9410102, "timestamps": [1616076550.9510064], "episode_lengths": [200], "episode_rewards": [-1253.6642745819547], "episode_types": ["t"]}