{"initial_reset_timestamp": 1616080326.8761766, "timestamps": [1616080334.3724558], "episode_lengths": [200], "episode_rewards": [-123.78067241383911], "episode_types": ["t"]}